Date,Event Name,Ticket Type,Attendee Age,Attendee Gender,Transportation Mode,Accommodation Type,Ticket Price,Tickets Sold
2022-10-14 05:12:09.995013,ElectroBeat Expo,Group Discount,Over 55,Female,Walk,Camping,132,219
2022-10-15 05:12:09.995013,RockNRebel Music Fest,VIP,Under 18,Non-binary,Bike,Stay with Friends/Family,133,413
2022-10-16 05:12:09.995013,RockNRebel Music Fest,General Admission,26-35,Non-binary,Bike,Camping,191,170
2022-10-17 05:12:09.995013,Cosmic Sound Festival,VIP,36-45,Male,Rideshare,Hostel,267,55
2022-10-18 05:12:09.995013,RockNRebel Music Fest,General Admission,26-35,Non-binary,Public Transport,Camping,255,5
2022-10-19 05:12:09.995013,ElectroBeat Expo,Group Discount,Over 55,Prefer not to say,Rideshare,Stay with Friends/Family,71,254
2022-10-20 05:12:09.995013,Retro Rewind Concert,Group Discount,36-45,Male,Public Transport,Hotel,271,118
2022-10-21 05:12:09.995013,RockNRebel Music Fest,Backstage Pass,46-55,Female,Public Transport,Camping,55,96
2022-10-22 05:12:09.995013,Retro Rewind Concert,General Admission,Over 55,Prefer not to say,Car,Airbnb,169,199
2022-10-23 05:12:09.995013,RockNRebel Music Fest,Group Discount,18-25,Male,Public Transport,Camping,239,374
2022-10-24 05:12:09.995013,Jazz & Jive Weekend,VIP,26-35,Prefer not to say,Rideshare,Camping,167,18
2022-10-25 05:12:09.995013,Cosmic Sound Festival,Group Discount,Under 18,Prefer not to say,Walk,Hotel,264,24
2022-10-26 05:12:09.995013,RockNRebel Music Fest,VIP,Over 55,Male,Bike,Hotel,296,209
2022-10-27 05:12:09.995013,Jazz & Jive Weekend,Backstage Pass,36-45,Female,Walk,Camping,286,114
2022-10-28 05:12:09.995013,Retro Rewind Concert,Backstage Pass,26-35,Prefer not to say,Public Transport,Airbnb,94,163
2022-10-29 05:12:09.995013,Jazz & Jive Weekend,Backstage Pass,36-45,Male,Bike,Hostel,164,389
2022-10-30 05:12:09.995013,RockNRebel Music Fest,General Admission,Under 18,Female,Car,Camping,223,69
2022-10-31 05:12:09.995013,Retro Rewind Concert,Group Discount,26-35,Non-binary,Walk,Stay with Friends/Family,279,375
2022-11-01 05:12:09.995013,ElectroBeat Expo,VIP,46-55,Prefer not to say,Rideshare,Hotel,165,232
2022-11-02 05:12:09.995013,Jazz & Jive Weekend,Backstage Pass,26-35,Female,Rideshare,Stay with Friends/Family,267,336
2022-11-03 05:12:09.995013,Cosmic Sound Festival,Backstage Pass,Over 55,Prefer not to say,Car,Hotel,120,146
2022-11-04 05:12:09.995013,Cosmic Sound Festival,Backstage Pass,36-45,Prefer not to say,Bike,Stay with Friends/Family,178,416
2022-11-05 05:12:09.995013,Retro Rewind Concert,General Admission,Under 18,Prefer not to say,Public Transport,Airbnb,68,237
2022-11-06 05:12:09.995013,Cosmic Sound Festival,Group Discount,36-45,Female,Walk,Hostel,162,303
2022-11-07 05:12:09.995013,RockNRebel Music Fest,Backstage Pass,Over 55,Non-binary,Walk,Hotel,269,33
2022-11-08 05:12:09.995013,Retro Rewind Concert,Group Discount,46-55,Male,Walk,Hotel,117,359
2022-11-09 05:12:09.995013,ElectroBeat Expo,VIP,Under 18,Non-binary,Walk,Hostel,194,435
2022-11-10 05:12:09.995013,RockNRebel Music Fest,General Admission,Over 55,Female,Rideshare,Stay with Friends/Family,275,37
2022-11-11 05:12:09.995013,RockNRebel Music Fest,General Admission,Under 18,Non-binary,Rideshare,Stay with Friends/Family,293,54
2022-11-12 05:12:09.995013,ElectroBeat Expo,VIP,18-25,Female,Rideshare,Hostel,164,424
2022-11-13 05:12:09.995013,Retro Rewind Concert,VIP,36-45,Female,Walk,Stay with Friends/Family,236,140
2022-11-14 05:12:09.995013,Cosmic Sound Festival,Backstage Pass,18-25,Male,Car,Hostel,237,295
2022-11-15 05:12:09.995013,RockNRebel Music Fest,Group Discount,18-25,Female,Public Transport,Stay with Friends/Family,239,211
2022-11-16 05:12:09.995013,Cosmic Sound Festival,General Admission,Over 55,Male,Rideshare,Stay with Friends/Family,250,290
2022-11-17 05:12:09.995013,Retro Rewind Concert,General Admission,36-45,Non-binary,Car,Stay with Friends/Family,177,420
2022-11-18 05:12:09.995013,ElectroBeat Expo,General Admission,Over 55,Prefer not to say,Rideshare,Hostel,152,118
2022-11-19 05:12:09.995013,Cosmic Sound Festival,Backstage Pass,18-25,Female,Bike,Camping,50,200
2022-11-20 05:12:09.995013,Retro Rewind Concert,Group Discount,36-45,Male,Public Transport,Stay with Friends/Family,269,248
2022-11-21 05:12:09.995013,Retro Rewind Concert,Backstage Pass,36-45,Non-binary,Walk,Camping,203,37
2022-11-22 05:12:09.995013,Cosmic Sound Festival,VIP,Over 55,Male,Walk,Hostel,255,269
2022-11-23 05:12:09.995013,ElectroBeat Expo,VIP,36-45,Male,Walk,Camping,121,300
2022-11-24 05:12:09.995013,Retro Rewind Concert,General Admission,36-45,Prefer not to say,Public Transport,Airbnb,289,219
2022-11-25 05:12:09.995013,ElectroBeat Expo,Group Discount,Under 18,Prefer not to say,Car,Airbnb,247,54
2022-11-26 05:12:09.995013,RockNRebel Music Fest,General Admission,18-25,Male,Public Transport,Stay with Friends/Family,133,360
2022-11-27 05:12:09.995013,ElectroBeat Expo,Backstage Pass,26-35,Non-binary,Bike,Hostel,277,257
2022-11-28 05:12:09.995013,Cosmic Sound Festival,General Admission,18-25,Prefer not to say,Public Transport,Camping,118,469
2022-11-29 05:12:09.995013,ElectroBeat Expo,Backstage Pass,Under 18,Male,Public Transport,Camping,184,95
2022-11-30 05:12:09.995013,Retro Rewind Concert,General Admission,46-55,Male,Walk,Camping,297,445
2022-12-01 05:12:09.995013,Jazz & Jive Weekend,Backstage Pass,46-55,Non-binary,Bike,Stay with Friends/Family,104,72
2022-12-02 05:12:09.995013,RockNRebel Music Fest,VIP,26-35,Female,Bike,Hotel,128,226
2022-12-03 05:12:09.995013,Retro Rewind Concert,General Admission,46-55,Prefer not to say,Bike,Camping,116,430
2022-12-04 05:12:09.995013,ElectroBeat Expo,VIP,26-35,Prefer not to say,Public Transport,Hotel,285,61
2022-12-05 05:12:09.995013,RockNRebel Music Fest,Group Discount,36-45,Non-binary,Car,Hotel,188,181
2022-12-06 05:12:09.995013,RockNRebel Music Fest,General Admission,Under 18,Male,Public Transport,Airbnb,165,462
2022-12-07 05:12:09.995013,Jazz & Jive Weekend,Group Discount,26-35,Female,Rideshare,Camping,55,100
2022-12-08 05:12:09.995013,Retro Rewind Concert,VIP,Under 18,Female,Walk,Hotel,181,305
2022-12-09 05:12:09.995013,ElectroBeat Expo,VIP,Under 18,Non-binary,Walk,Hostel,101,48
2022-12-10 05:12:09.995013,Cosmic Sound Festival,Backstage Pass,36-45,Non-binary,Walk,Camping,118,335
2022-12-11 05:12:09.995013,Retro Rewind Concert,Group Discount,46-55,Female,Car,Hotel,87,117
2022-12-12 05:12:09.995013,ElectroBeat Expo,Backstage Pass,18-25,Prefer not to say,Walk,Hostel,85,399
2022-12-13 05:12:09.995013,Retro Rewind Concert,Group Discount,36-45,Male,Walk,Hotel,271,107
2022-12-14 05:12:09.995013,RockNRebel Music Fest,VIP,36-45,Female,Walk,Airbnb,145,351
2022-12-15 05:12:09.995013,Retro Rewind Concert,General Admission,46-55,Female,Bike,Stay with Friends/Family,93,142
2022-12-16 05:12:09.995013,ElectroBeat Expo,Group Discount,26-35,Male,Public Transport,Hotel,208,358
2022-12-17 05:12:09.995013,Retro Rewind Concert,Group Discount,26-35,Male,Bike,Hostel,139,2
2022-12-18 05:12:09.995013,Jazz & Jive Weekend,VIP,46-55,Prefer not to say,Car,Stay with Friends/Family,295,433
2022-12-19 05:12:09.995013,Retro Rewind Concert,VIP,46-55,Non-binary,Car,Hotel,262,391
2022-12-20 05:12:09.995013,Cosmic Sound Festival,VIP,26-35,Prefer not to say,Walk,Camping,66,473
2022-12-21 05:12:09.995013,Cosmic Sound Festival,VIP,Under 18,Male,Bike,Stay with Friends/Family,78,32
2022-12-22 05:12:09.995013,Jazz & Jive Weekend,General Admission,Under 18,Non-binary,Walk,Camping,208,7
2022-12-23 05:12:09.995013,Retro Rewind Concert,VIP,Over 55,Non-binary,Public Transport,Airbnb,110,452
2022-12-24 05:12:09.995013,Jazz & Jive Weekend,General Admission,26-35,Non-binary,Walk,Hotel,240,117
2022-12-25 05:12:09.995013,Cosmic Sound Festival,General Admission,46-55,Non-binary,Rideshare,Hostel,154,410
2022-12-26 05:12:09.995013,Retro Rewind Concert,VIP,Under 18,Prefer not to say,Bike,Airbnb,278,343
2022-12-27 05:12:09.995013,Jazz & Jive Weekend,VIP,26-35,Prefer not to say,Public Transport,Hostel,123,436
2022-12-28 05:12:09.995013,Jazz & Jive Weekend,VIP,26-35,Non-binary,Rideshare,Camping,204,14
2022-12-29 05:12:09.995013,Retro Rewind Concert,General Admission,Under 18,Prefer not to say,Car,Hostel,108,348
2022-12-30 05:12:09.995013,Jazz & Jive Weekend,General Admission,46-55,Female,Walk,Airbnb,165,198
2022-12-31 05:12:09.995013,ElectroBeat Expo,VIP,Under 18,Non-binary,Car,Camping,287,86
2023-01-01 05:12:09.995013,Jazz & Jive Weekend,General Admission,18-25,Prefer not to say,Rideshare,Hostel,138,453
2023-01-02 05:12:09.995013,Cosmic Sound Festival,Backstage Pass,Under 18,Female,Car,Hotel,172,411
2023-01-03 05:12:09.995013,ElectroBeat Expo,VIP,Over 55,Non-binary,Public Transport,Stay with Friends/Family,187,280
2023-01-04 05:12:09.995013,Jazz & Jive Weekend,Backstage Pass,26-35,Non-binary,Rideshare,Hostel,99,307
2023-01-05 05:12:09.995013,Retro Rewind Concert,General Admission,Under 18,Female,Rideshare,Hotel,152,250
2023-01-06 05:12:09.995013,Retro Rewind Concert,General Admission,Under 18,Male,Bike,Camping,242,61
2023-01-07 05:12:09.995013,Cosmic Sound Festival,Backstage Pass,36-45,Prefer not to say,Public Transport,Stay with Friends/Family,137,261
2023-01-08 05:12:09.995013,Retro Rewind Concert,Group Discount,18-25,Male,Walk,Stay with Friends/Family,125,55
2023-01-09 05:12:09.995013,RockNRebel Music Fest,VIP,Over 55,Non-binary,Bike,Hostel,173,381
2023-01-10 05:12:09.995013,Cosmic Sound Festival,Group Discount,Under 18,Prefer not to say,Bike,Camping,175,425
2023-01-11 05:12:09.995013,Retro Rewind Concert,General Admission,36-45,Female,Public Transport,Stay with Friends/Family,198,485
2023-01-12 05:12:09.995013,Jazz & Jive Weekend,Backstage Pass,36-45,Male,Bike,Airbnb,182,112
2023-01-13 05:12:09.995013,Cosmic Sound Festival,VIP,Under 18,Non-binary,Bike,Airbnb,65,274
2023-01-14 05:12:09.995013,ElectroBeat Expo,Backstage Pass,36-45,Male,Public Transport,Airbnb,245,197
2023-01-15 05:12:09.995013,Jazz & Jive Weekend,General Admission,36-45,Non-binary,Public Transport,Hotel,133,409
2023-01-16 05:12:09.995013,ElectroBeat Expo,General Admission,36-45,Female,Walk,Stay with Friends/Family,191,260
2023-01-17 05:12:09.995013,ElectroBeat Expo,VIP,Under 18,Female,Car,Hostel,55,204
2023-01-18 05:12:09.995013,Jazz & Jive Weekend,VIP,Over 55,Male,Walk,Airbnb,139,258
2023-01-19 05:12:09.995013,RockNRebel Music Fest,General Admission,Over 55,Prefer not to say,Rideshare,Hostel,293,354
2023-01-20 05:12:09.995013,ElectroBeat Expo,VIP,36-45,Male,Walk,Stay with Friends/Family,146,16
2023-01-21 05:12:09.995013,Retro Rewind Concert,General Admission,46-55,Male,Public Transport,Hotel,109,393
2023-01-22 05:12:09.995013,Retro Rewind Concert,General Admission,Under 18,Prefer not to say,Bike,Airbnb,292,114
2023-01-23 05:12:09.995013,Cosmic Sound Festival,General Admission,Under 18,Non-binary,Walk,Hostel,228,230
2023-01-24 05:12:09.995013,Retro Rewind Concert,General Admission,Over 55,Prefer not to say,Public Transport,Airbnb,217,285
2023-01-25 05:12:09.995013,Jazz & Jive Weekend,General Admission,18-25,Prefer not to say,Rideshare,Stay with Friends/Family,81,19
2023-01-26 05:12:09.995013,Cosmic Sound Festival,Backstage Pass,Over 55,Female,Walk,Airbnb,65,10
2023-01-27 05:12:09.995013,Retro Rewind Concert,Group Discount,26-35,Female,Bike,Camping,115,171
2023-01-28 05:12:09.995013,ElectroBeat Expo,VIP,36-45,Female,Walk,Stay with Friends/Family,215,237
2023-01-29 05:12:09.995013,Cosmic Sound Festival,VIP,Under 18,Male,Car,Stay with Friends/Family,121,335
2023-01-30 05:12:09.995013,ElectroBeat Expo,Group Discount,36-45,Non-binary,Walk,Camping,96,382
2023-01-31 05:12:09.995013,Retro Rewind Concert,VIP,46-55,Prefer not to say,Car,Hotel,279,418
2023-02-01 05:12:09.995013,Cosmic Sound Festival,Backstage Pass,18-25,Non-binary,Public Transport,Hotel,120,384
2023-02-02 05:12:09.995013,Retro Rewind Concert,Backstage Pass,46-55,Prefer not to say,Rideshare,Camping,175,259
2023-02-03 05:12:09.995013,Cosmic Sound Festival,VIP,Over 55,Non-binary,Public Transport,Camping,229,373
2023-02-04 05:12:09.995013,Retro Rewind Concert,VIP,36-45,Female,Bike,Hotel,262,85
2023-02-05 05:12:09.995013,Retro Rewind Concert,General Admission,Over 55,Male,Public Transport,Stay with Friends/Family,187,144
2023-02-06 05:12:09.995013,Jazz & Jive Weekend,VIP,Over 55,Male,Bike,Camping,98,33
2023-02-07 05:12:09.995013,ElectroBeat Expo,Backstage Pass,Over 55,Prefer not to say,Public Transport,Hostel,139,379
2023-02-08 05:12:09.995013,RockNRebel Music Fest,General Admission,Over 55,Female,Bike,Airbnb,269,496
2023-02-09 05:12:09.995013,RockNRebel Music Fest,Backstage Pass,18-25,Male,Walk,Hotel,180,431
2023-02-10 05:12:09.995013,ElectroBeat Expo,General Admission,36-45,Prefer not to say,Car,Hotel,286,334
2023-02-11 05:12:09.995013,RockNRebel Music Fest,Group Discount,26-35,Prefer not to say,Bike,Hostel,297,195
2023-02-12 05:12:09.995013,Jazz & Jive Weekend,General Admission,26-35,Prefer not to say,Walk,Hotel,204,413
2023-02-13 05:12:09.995013,Jazz & Jive Weekend,Backstage Pass,46-55,Male,Rideshare,Stay with Friends/Family,277,466
2023-02-14 05:12:09.995013,Cosmic Sound Festival,General Admission,Over 55,Male,Bike,Airbnb,148,379
2023-02-15 05:12:09.995013,Retro Rewind Concert,VIP,Over 55,Female,Rideshare,Airbnb,264,455
2023-02-16 05:12:09.995013,RockNRebel Music Fest,Group Discount,36-45,Male,Walk,Stay with Friends/Family,59,184
2023-02-17 05:12:09.995013,Retro Rewind Concert,Group Discount,46-55,Prefer not to say,Public Transport,Stay with Friends/Family,94,21
2023-02-18 05:12:09.995013,Jazz & Jive Weekend,Group Discount,36-45,Prefer not to say,Rideshare,Hostel,50,52
2023-02-19 05:12:09.995013,Cosmic Sound Festival,Backstage Pass,26-35,Male,Car,Stay with Friends/Family,232,243
2023-02-20 05:12:09.995013,ElectroBeat Expo,VIP,36-45,Prefer not to say,Walk,Airbnb,267,92
2023-02-21 05:12:09.995013,ElectroBeat Expo,General Admission,46-55,Male,Car,Camping,226,104
2023-02-22 05:12:09.995013,Jazz & Jive Weekend,General Admission,36-45,Prefer not to say,Rideshare,Hotel,235,485
2023-02-23 05:12:09.995013,RockNRebel Music Fest,General Admission,26-35,Non-binary,Public Transport,Airbnb,177,156
2023-02-24 05:12:09.995013,RockNRebel Music Fest,General Admission,Over 55,Male,Bike,Hostel,139,404
2023-02-25 05:12:09.995013,ElectroBeat Expo,Backstage Pass,46-55,Male,Public Transport,Camping,193,330
2023-02-26 05:12:09.995013,ElectroBeat Expo,VIP,Under 18,Non-binary,Walk,Camping,65,406
2023-02-27 05:12:09.995013,Jazz & Jive Weekend,VIP,26-35,Male,Rideshare,Camping,265,459
2023-02-28 05:12:09.995013,Jazz & Jive Weekend,Group Discount,26-35,Female,Bike,Airbnb,126,242
2023-03-01 05:12:09.995013,RockNRebel Music Fest,VIP,36-45,Female,Car,Hostel,216,82
2023-03-02 05:12:09.995013,RockNRebel Music Fest,Backstage Pass,18-25,Prefer not to say,Walk,Hostel,245,80
2023-03-03 05:12:09.995013,Jazz & Jive Weekend,VIP,Over 55,Non-binary,Rideshare,Camping,299,116
2023-03-04 05:12:09.995013,Cosmic Sound Festival,VIP,Under 18,Female,Public Transport,Stay with Friends/Family,134,43
2023-03-05 05:12:09.995013,Jazz & Jive Weekend,Backstage Pass,26-35,Prefer not to say,Bike,Hostel,260,298
2023-03-06 05:12:09.995013,RockNRebel Music Fest,VIP,46-55,Non-binary,Rideshare,Camping,155,403
2023-03-07 05:12:09.995013,RockNRebel Music Fest,Group Discount,36-45,Prefer not to say,Bike,Hostel,193,124
2023-03-08 05:12:09.995013,ElectroBeat Expo,Backstage Pass,Under 18,Prefer not to say,Rideshare,Camping,113,115
2023-03-09 05:12:09.995013,Jazz & Jive Weekend,VIP,36-45,Prefer not to say,Walk,Airbnb,220,486
2023-03-10 05:12:09.995013,Retro Rewind Concert,Group Discount,36-45,Non-binary,Bike,Camping,107,286
2023-03-11 05:12:09.995013,RockNRebel Music Fest,General Admission,Over 55,Non-binary,Car,Airbnb,183,469
2023-03-12 05:12:09.995013,Jazz & Jive Weekend,Backstage Pass,18-25,Male,Public Transport,Airbnb,86,231
2023-03-13 05:12:09.995013,Cosmic Sound Festival,VIP,46-55,Female,Rideshare,Hostel,177,306
2023-03-14 05:12:09.995013,Jazz & Jive Weekend,Backstage Pass,18-25,Male,Public Transport,Stay with Friends/Family,232,407
2023-03-15 05:12:09.995013,Retro Rewind Concert,Group Discount,18-25,Prefer not to say,Public Transport,Hotel,204,422
2023-03-16 05:12:09.995013,Jazz & Jive Weekend,General Admission,Over 55,Male,Walk,Stay with Friends/Family,82,210
2023-03-17 05:12:09.995013,Retro Rewind Concert,General Admission,Over 55,Female,Car,Hostel,235,373
2023-03-18 05:12:09.995013,Retro Rewind Concert,VIP,46-55,Non-binary,Bike,Hotel,219,112
2023-03-19 05:12:09.995013,ElectroBeat Expo,Backstage Pass,Under 18,Non-binary,Car,Hotel,204,421
2023-03-20 05:12:09.995013,ElectroBeat Expo,Backstage Pass,Under 18,Male,Car,Stay with Friends/Family,273,305
2023-03-21 05:12:09.995013,RockNRebel Music Fest,VIP,Over 55,Female,Rideshare,Airbnb,236,435
2023-03-22 05:12:09.995013,Cosmic Sound Festival,VIP,18-25,Prefer not to say,Public Transport,Camping,109,354
2023-03-23 05:12:09.995013,ElectroBeat Expo,VIP,Over 55,Non-binary,Rideshare,Hostel,218,80
2023-03-24 05:12:09.995013,Retro Rewind Concert,Backstage Pass,46-55,Male,Public Transport,Camping,100,3
2023-03-25 05:12:09.995013,RockNRebel Music Fest,Backstage Pass,18-25,Non-binary,Bike,Camping,267,275
2023-03-26 05:12:09.995013,Retro Rewind Concert,Backstage Pass,Over 55,Female,Walk,Hotel,66,408
2023-03-27 05:12:09.995013,RockNRebel Music Fest,Backstage Pass,46-55,Female,Rideshare,Hotel,100,396
2023-03-28 05:12:09.995013,Jazz & Jive Weekend,General Admission,46-55,Non-binary,Walk,Airbnb,125,132
2023-03-29 05:12:09.995013,Retro Rewind Concert,Group Discount,Over 55,Prefer not to say,Bike,Airbnb,76,64
2023-03-30 05:12:09.995013,Cosmic Sound Festival,General Admission,46-55,Non-binary,Rideshare,Hostel,265,22
2023-03-31 05:12:09.995013,RockNRebel Music Fest,General Admission,Under 18,Prefer not to say,Bike,Hotel,78,5
2023-04-01 05:12:09.995013,Jazz & Jive Weekend,General Admission,46-55,Prefer not to say,Walk,Stay with Friends/Family,282,46
2023-04-02 05:12:09.995013,Jazz & Jive Weekend,Backstage Pass,Over 55,Male,Car,Camping,103,272
2023-04-03 05:12:09.995013,ElectroBeat Expo,VIP,Under 18,Male,Bike,Hostel,168,477
2023-04-04 05:12:09.995013,Jazz & Jive Weekend,Backstage Pass,18-25,Female,Bike,Hostel,167,25
2023-04-05 05:12:09.995013,Jazz & Jive Weekend,General Admission,18-25,Non-binary,Rideshare,Hotel,89,154
2023-04-06 05:12:09.995013,Jazz & Jive Weekend,Group Discount,Over 55,Male,Rideshare,Hostel,227,176
2023-04-07 05:12:09.995013,ElectroBeat Expo,VIP,46-55,Non-binary,Rideshare,Stay with Friends/Family,60,17
2023-04-08 05:12:09.995013,Jazz & Jive Weekend,Backstage Pass,36-45,Prefer not to say,Bike,Airbnb,221,485
2023-04-09 05:12:09.995013,Jazz & Jive Weekend,Backstage Pass,18-25,Female,Rideshare,Stay with Friends/Family,149,255
2023-04-10 05:12:09.995013,ElectroBeat Expo,Group Discount,18-25,Female,Rideshare,Camping,57,259
2023-04-11 05:12:09.995013,RockNRebel Music Fest,General Admission,18-25,Female,Car,Camping,232,444
2023-04-12 05:12:09.995013,RockNRebel Music Fest,Group Discount,46-55,Non-binary,Car,Hostel,279,499
2023-04-13 05:12:09.995013,Cosmic Sound Festival,Backstage Pass,36-45,Non-binary,Car,Airbnb,268,188
2023-04-14 05:12:09.995013,Retro Rewind Concert,VIP,36-45,Female,Walk,Stay with Friends/Family,257,185
2023-04-15 05:12:09.995013,Retro Rewind Concert,Backstage Pass,18-25,Prefer not to say,Public Transport,Stay with Friends/Family,155,75
2023-04-16 05:12:09.995013,Jazz & Jive Weekend,VIP,18-25,Prefer not to say,Bike,Hostel,209,94
2023-04-17 05:12:09.995013,Cosmic Sound Festival,General Admission,26-35,Non-binary,Car,Hostel,279,428
2023-04-18 05:12:09.995013,Retro Rewind Concert,VIP,46-55,Prefer not to say,Rideshare,Camping,281,431
2023-04-19 05:12:09.995013,Retro Rewind Concert,General Admission,Over 55,Male,Walk,Stay with Friends/Family,187,128
2023-04-20 05:12:09.995013,Retro Rewind Concert,General Admission,26-35,Prefer not to say,Walk,Stay with Friends/Family,88,152
2023-04-21 05:12:09.995013,Jazz & Jive Weekend,Group Discount,Under 18,Male,Car,Camping,79,221
2023-04-22 05:12:09.995013,Retro Rewind Concert,General Admission,Over 55,Non-binary,Rideshare,Camping,200,492
2023-04-23 05:12:09.995013,ElectroBeat Expo,VIP,46-55,Male,Bike,Stay with Friends/Family,67,93
2023-04-24 05:12:09.995013,Jazz & Jive Weekend,VIP,26-35,Prefer not to say,Public Transport,Hostel,179,353
2023-04-25 05:12:09.995013,Retro Rewind Concert,VIP,18-25,Female,Rideshare,Hotel,235,290
2023-04-26 05:12:09.995013,Cosmic Sound Festival,Group Discount,Under 18,Prefer not to say,Rideshare,Hotel,286,119
2023-04-27 05:12:09.995013,RockNRebel Music Fest,General Admission,36-45,Male,Car,Airbnb,247,482
2023-04-28 05:12:09.995013,RockNRebel Music Fest,Group Discount,Under 18,Non-binary,Bike,Hotel,78,383
2023-04-29 05:12:09.995013,Retro Rewind Concert,Backstage Pass,36-45,Prefer not to say,Public Transport,Hotel,247,398
2023-04-30 05:12:09.995013,Cosmic Sound Festival,General Admission,Under 18,Male,Public Transport,Hotel,284,366
2023-05-01 05:12:09.995013,Cosmic Sound Festival,VIP,Under 18,Male,Bike,Stay with Friends/Family,263,401
2023-05-02 05:12:09.995013,RockNRebel Music Fest,VIP,36-45,Non-binary,Rideshare,Airbnb,142,88
2023-05-03 05:12:09.995013,ElectroBeat Expo,Group Discount,46-55,Male,Rideshare,Hostel,107,265
2023-05-04 05:12:09.995013,Jazz & Jive Weekend,General Admission,Over 55,Female,Walk,Stay with Friends/Family,56,103
2023-05-05 05:12:09.995013,Jazz & Jive Weekend,Group Discount,18-25,Non-binary,Bike,Hostel,189,413
2023-05-06 05:12:09.995013,Jazz & Jive Weekend,VIP,18-25,Female,Public Transport,Hostel,256,110
2023-05-07 05:12:09.995013,Jazz & Jive Weekend,Group Discount,36-45,Female,Rideshare,Stay with Friends/Family,251,48
2023-05-08 05:12:09.995013,RockNRebel Music Fest,VIP,36-45,Male,Car,Stay with Friends/Family,54,436
2023-05-09 05:12:09.995013,RockNRebel Music Fest,General Admission,46-55,Non-binary,Public Transport,Stay with Friends/Family,102,405
2023-05-10 05:12:09.995013,ElectroBeat Expo,VIP,Over 55,Female,Bike,Stay with Friends/Family,285,59
2023-05-11 05:12:09.995013,ElectroBeat Expo,VIP,18-25,Prefer not to say,Bike,Stay with Friends/Family,222,237
2023-05-12 05:12:09.995013,Cosmic Sound Festival,General Admission,18-25,Female,Walk,Camping,91,447
2023-05-13 05:12:09.995013,Jazz & Jive Weekend,Backstage Pass,26-35,Female,Walk,Camping,159,72
2023-05-14 05:12:09.995013,Jazz & Jive Weekend,Backstage Pass,26-35,Male,Walk,Hotel,99,30
2023-05-15 05:12:09.995013,Jazz & Jive Weekend,VIP,Over 55,Female,Walk,Hotel,144,385
2023-05-16 05:12:09.995013,RockNRebel Music Fest,VIP,18-25,Male,Rideshare,Airbnb,110,183
2023-05-17 05:12:09.995013,Cosmic Sound Festival,General Admission,18-25,Male,Bike,Airbnb,140,438
2023-05-18 05:12:09.995013,ElectroBeat Expo,General Admission,Over 55,Non-binary,Public Transport,Airbnb,84,10
2023-05-19 05:12:09.995013,Cosmic Sound Festival,Group Discount,36-45,Prefer not to say,Bike,Stay with Friends/Family,92,172
2023-05-20 05:12:09.995013,RockNRebel Music Fest,VIP,46-55,Male,Public Transport,Airbnb,54,218
2023-05-21 05:12:09.995013,Cosmic Sound Festival,VIP,18-25,Male,Rideshare,Airbnb,159,210
2023-05-22 05:12:09.995013,Jazz & Jive Weekend,Group Discount,Under 18,Prefer not to say,Rideshare,Hostel,282,287
2023-05-23 05:12:09.995013,Cosmic Sound Festival,VIP,18-25,Prefer not to say,Car,Hostel,285,82
2023-05-24 05:12:09.995013,Retro Rewind Concert,Group Discount,26-35,Female,Bike,Stay with Friends/Family,166,132
2023-05-25 05:12:09.995013,Jazz & Jive Weekend,Backstage Pass,26-35,Male,Walk,Airbnb,194,447
2023-05-26 05:12:09.995013,ElectroBeat Expo,General Admission,18-25,Prefer not to say,Public Transport,Camping,191,194
2023-05-27 05:12:09.995013,RockNRebel Music Fest,Group Discount,26-35,Female,Walk,Stay with Friends/Family,148,152
2023-05-28 05:12:09.995013,ElectroBeat Expo,VIP,Under 18,Non-binary,Bike,Stay with Friends/Family,269,118
2023-05-29 05:12:09.995013,Cosmic Sound Festival,General Admission,26-35,Prefer not to say,Walk,Hostel,60,309
2023-05-30 05:12:09.995013,ElectroBeat Expo,VIP,46-55,Non-binary,Public Transport,Hostel,198,115
2023-05-31 05:12:09.995013,Retro Rewind Concert,Group Discount,36-45,Female,Bike,Hotel,186,151
2023-06-01 05:12:09.995013,RockNRebel Music Fest,Group Discount,Under 18,Male,Walk,Camping,138,108
2023-06-02 05:12:09.995013,ElectroBeat Expo,General Admission,36-45,Female,Walk,Camping,246,301
2023-06-03 05:12:09.995013,ElectroBeat Expo,Backstage Pass,26-35,Male,Rideshare,Hostel,55,434
2023-06-04 05:12:09.995013,Cosmic Sound Festival,Backstage Pass,Over 55,Non-binary,Car,Stay with Friends/Family,119,482
2023-06-05 05:12:09.995013,Cosmic Sound Festival,Group Discount,26-35,Female,Bike,Hostel,115,87
2023-06-06 05:12:09.995013,Jazz & Jive Weekend,VIP,26-35,Non-binary,Rideshare,Camping,233,321
2023-06-07 05:12:09.995013,ElectroBeat Expo,General Admission,26-35,Non-binary,Car,Stay with Friends/Family,291,53
2023-06-08 05:12:09.995013,Cosmic Sound Festival,VIP,36-45,Female,Bike,Airbnb,256,482
2023-06-09 05:12:09.995013,RockNRebel Music Fest,General Admission,18-25,Female,Public Transport,Stay with Friends/Family,267,183
2023-06-10 05:12:09.995013,ElectroBeat Expo,Backstage Pass,Over 55,Non-binary,Bike,Camping,110,278
2023-06-11 05:12:09.995013,Cosmic Sound Festival,Group Discount,18-25,Non-binary,Walk,Camping,255,405
2023-06-12 05:12:09.995013,RockNRebel Music Fest,Backstage Pass,18-25,Prefer not to say,Car,Airbnb,115,471
2023-06-13 05:12:09.995013,ElectroBeat Expo,Backstage Pass,18-25,Non-binary,Car,Stay with Friends/Family,51,192
2023-06-14 05:12:09.995013,RockNRebel Music Fest,Group Discount,18-25,Prefer not to say,Bike,Hostel,193,393
2023-06-15 05:12:09.995013,Cosmic Sound Festival,Group Discount,46-55,Prefer not to say,Rideshare,Stay with Friends/Family,86,154
2023-06-16 05:12:09.995013,Retro Rewind Concert,Group Discount,Over 55,Prefer not to say,Rideshare,Hostel,297,476
2023-06-17 05:12:09.995013,Jazz & Jive Weekend,Group Discount,36-45,Female,Walk,Hostel,116,347
2023-06-18 05:12:09.995013,ElectroBeat Expo,General Admission,18-25,Non-binary,Walk,Camping,202,133
2023-06-19 05:12:09.995013,Cosmic Sound Festival,VIP,26-35,Prefer not to say,Public Transport,Stay with Friends/Family,239,209
2023-06-20 05:12:09.995013,ElectroBeat Expo,Backstage Pass,46-55,Female,Car,Stay with Friends/Family,270,479
2023-06-21 05:12:09.995013,Cosmic Sound Festival,General Admission,Over 55,Male,Public Transport,Hostel,134,415
2023-06-22 05:12:09.995013,RockNRebel Music Fest,Backstage Pass,36-45,Male,Rideshare,Camping,208,485
2023-06-23 05:12:09.995013,RockNRebel Music Fest,General Admission,26-35,Prefer not to say,Car,Camping,70,26
2023-06-24 05:12:09.995013,ElectroBeat Expo,Group Discount,18-25,Female,Rideshare,Hostel,198,333
2023-06-25 05:12:09.995013,Cosmic Sound Festival,General Admission,18-25,Male,Bike,Hostel,261,444
2023-06-26 05:12:09.995013,Retro Rewind Concert,Group Discount,18-25,Female,Bike,Stay with Friends/Family,116,428
2023-06-27 05:12:09.995013,Cosmic Sound Festival,Backstage Pass,18-25,Male,Rideshare,Camping,181,428
2023-06-28 05:12:09.995013,RockNRebel Music Fest,Group Discount,Over 55,Prefer not to say,Car,Hotel,192,307
2023-06-29 05:12:09.995013,Cosmic Sound Festival,General Admission,Under 18,Non-binary,Car,Airbnb,295,91
2023-06-30 05:12:09.995013,ElectroBeat Expo,Backstage Pass,46-55,Male,Walk,Hotel,99,64
2023-07-01 05:12:09.995013,Retro Rewind Concert,Group Discount,Over 55,Non-binary,Walk,Hostel,62,236
2023-07-02 05:12:09.995013,Retro Rewind Concert,Backstage Pass,Under 18,Male,Walk,Hotel,88,430
2023-07-03 05:12:09.995013,Jazz & Jive Weekend,VIP,Under 18,Female,Rideshare,Hostel,141,271
2023-07-04 05:12:09.995013,Jazz & Jive Weekend,Backstage Pass,36-45,Male,Public Transport,Airbnb,173,437
2023-07-05 05:12:09.995013,RockNRebel Music Fest,Group Discount,Under 18,Female,Bike,Hostel,142,122
2023-07-06 05:12:09.995013,Jazz & Jive Weekend,Backstage Pass,Under 18,Non-binary,Walk,Airbnb,202,129
2023-07-07 05:12:09.995013,Cosmic Sound Festival,Group Discount,18-25,Female,Car,Hotel,225,81
2023-07-08 05:12:09.995013,Retro Rewind Concert,Backstage Pass,Over 55,Male,Public Transport,Hostel,187,401
2023-07-09 05:12:09.995013,Retro Rewind Concert,General Admission,18-25,Female,Rideshare,Airbnb,95,143
2023-07-10 05:12:09.995013,ElectroBeat Expo,Backstage Pass,Under 18,Prefer not to say,Walk,Camping,251,244
2023-07-11 05:12:09.995013,Cosmic Sound Festival,VIP,36-45,Female,Public Transport,Stay with Friends/Family,251,463
2023-07-12 05:12:09.995013,RockNRebel Music Fest,Group Discount,46-55,Female,Car,Stay with Friends/Family,289,15
2023-07-13 05:12:09.995013,ElectroBeat Expo,Backstage Pass,Over 55,Prefer not to say,Car,Stay with Friends/Family,74,409
2023-07-14 05:12:09.995013,Retro Rewind Concert,Group Discount,36-45,Prefer not to say,Public Transport,Airbnb,235,331
2023-07-15 05:12:09.995013,Retro Rewind Concert,Group Discount,36-45,Female,Public Transport,Stay with Friends/Family,139,356
2023-07-16 05:12:09.995013,Jazz & Jive Weekend,VIP,Under 18,Prefer not to say,Walk,Hostel,80,362
2023-07-17 05:12:09.995013,RockNRebel Music Fest,Group Discount,18-25,Prefer not to say,Car,Airbnb,175,255
2023-07-18 05:12:09.995013,Cosmic Sound Festival,General Admission,Under 18,Male,Bike,Airbnb,56,240
2023-07-19 05:12:09.995013,Cosmic Sound Festival,General Admission,Under 18,Male,Bike,Stay with Friends/Family,117,345
2023-07-20 05:12:09.995013,RockNRebel Music Fest,General Admission,26-35,Non-binary,Bike,Airbnb,151,164
2023-07-21 05:12:09.995013,Jazz & Jive Weekend,General Admission,Over 55,Prefer not to say,Rideshare,Stay with Friends/Family,162,173
2023-07-22 05:12:09.995013,ElectroBeat Expo,Group Discount,Over 55,Prefer not to say,Bike,Camping,98,149
2023-07-23 05:12:09.995013,RockNRebel Music Fest,Backstage Pass,Under 18,Female,Walk,Hostel,122,220
2023-07-24 05:12:09.995013,RockNRebel Music Fest,General Admission,46-55,Male,Rideshare,Stay with Friends/Family,81,187
2023-07-25 05:12:09.995013,Jazz & Jive Weekend,Group Discount,18-25,Prefer not to say,Bike,Hotel,196,29
2023-07-26 05:12:09.995013,RockNRebel Music Fest,VIP,26-35,Prefer not to say,Car,Stay with Friends/Family,82,455
2023-07-27 05:12:09.995013,ElectroBeat Expo,VIP,26-35,Non-binary,Bike,Camping,90,252
2023-07-28 05:12:09.995013,RockNRebel Music Fest,VIP,18-25,Female,Car,Hotel,96,81
2023-07-29 05:12:09.995013,RockNRebel Music Fest,Backstage Pass,46-55,Non-binary,Rideshare,Hotel,286,414
2023-07-30 05:12:09.995013,Cosmic Sound Festival,VIP,18-25,Prefer not to say,Car,Stay with Friends/Family,147,281
2023-07-31 05:12:09.995013,Cosmic Sound Festival,Backstage Pass,26-35,Prefer not to say,Walk,Airbnb,298,158
2023-08-01 05:12:09.995013,Retro Rewind Concert,General Admission,Over 55,Prefer not to say,Walk,Hotel,174,420
2023-08-02 05:12:09.995013,RockNRebel Music Fest,General Admission,Over 55,Female,Walk,Hostel,258,40
2023-08-03 05:12:09.995013,ElectroBeat Expo,Group Discount,36-45,Non-binary,Rideshare,Hostel,95,101
2023-08-04 05:12:09.995013,ElectroBeat Expo,General Admission,46-55,Female,Rideshare,Airbnb,163,341
2023-08-05 05:12:09.995013,Cosmic Sound Festival,VIP,Over 55,Prefer not to say,Car,Hostel,286,100
2023-08-06 05:12:09.995013,ElectroBeat Expo,General Admission,46-55,Male,Bike,Airbnb,53,47
2023-08-07 05:12:09.995013,ElectroBeat Expo,General Admission,Over 55,Male,Rideshare,Hostel,231,141
2023-08-08 05:12:09.995013,RockNRebel Music Fest,VIP,26-35,Male,Car,Hotel,217,382
2023-08-09 05:12:09.995013,RockNRebel Music Fest,VIP,36-45,Female,Public Transport,Hostel,66,45
2023-08-10 05:12:09.995013,ElectroBeat Expo,Backstage Pass,Under 18,Male,Bike,Hostel,226,453
2023-08-11 05:12:09.995013,Cosmic Sound Festival,General Admission,Over 55,Prefer not to say,Walk,Airbnb,114,69
2023-08-12 05:12:09.995013,Cosmic Sound Festival,Backstage Pass,46-55,Male,Public Transport,Airbnb,172,186
2023-08-13 05:12:09.995013,ElectroBeat Expo,Group Discount,Over 55,Female,Rideshare,Stay with Friends/Family,118,364
2023-08-14 05:12:09.995013,Cosmic Sound Festival,VIP,Under 18,Male,Car,Stay with Friends/Family,163,54
2023-08-15 05:12:09.995013,RockNRebel Music Fest,Backstage Pass,46-55,Male,Car,Airbnb,81,214
2023-08-16 05:12:09.995013,ElectroBeat Expo,Backstage Pass,46-55,Prefer not to say,Walk,Airbnb,156,219
2023-08-17 05:12:09.995013,RockNRebel Music Fest,Group Discount,Over 55,Prefer not to say,Public Transport,Airbnb,140,172
2023-08-18 05:12:09.995013,Retro Rewind Concert,Backstage Pass,36-45,Male,Public Transport,Hostel,153,5
2023-08-19 05:12:09.995013,Jazz & Jive Weekend,General Admission,46-55,Male,Bike,Stay with Friends/Family,166,334
2023-08-20 05:12:09.995013,RockNRebel Music Fest,Backstage Pass,26-35,Prefer not to say,Bike,Camping,215,388
2023-08-21 05:12:09.995013,Cosmic Sound Festival,VIP,Over 55,Non-binary,Public Transport,Camping,58,274
2023-08-22 05:12:09.995013,Cosmic Sound Festival,VIP,26-35,Female,Car,Hotel,193,230
2023-08-23 05:12:09.995013,Cosmic Sound Festival,General Admission,26-35,Female,Rideshare,Camping,166,104
2023-08-24 05:12:09.995013,ElectroBeat Expo,VIP,26-35,Non-binary,Bike,Hotel,51,403
2023-08-25 05:12:09.995013,Jazz & Jive Weekend,General Admission,18-25,Non-binary,Public Transport,Stay with Friends/Family,60,61
2023-08-26 05:12:09.995013,RockNRebel Music Fest,VIP,Over 55,Female,Public Transport,Airbnb,159,134
2023-08-27 05:12:09.995013,ElectroBeat Expo,Group Discount,Over 55,Male,Walk,Stay with Friends/Family,55,435
2023-08-28 05:12:09.995013,Retro Rewind Concert,Group Discount,46-55,Non-binary,Rideshare,Hostel,182,488
2023-08-29 05:12:09.995013,RockNRebel Music Fest,General Admission,Under 18,Non-binary,Bike,Hotel,197,323
2023-08-30 05:12:09.995013,Cosmic Sound Festival,Group Discount,46-55,Female,Bike,Stay with Friends/Family,251,151
2023-08-31 05:12:09.995013,ElectroBeat Expo,Backstage Pass,46-55,Prefer not to say,Bike,Stay with Friends/Family,211,158
2023-09-01 05:12:09.995013,Cosmic Sound Festival,General Admission,46-55,Non-binary,Walk,Stay with Friends/Family,260,150
2023-09-02 05:12:09.995013,Cosmic Sound Festival,Group Discount,26-35,Prefer not to say,Bike,Camping,118,168
2023-09-03 05:12:09.995013,Jazz & Jive Weekend,Group Discount,26-35,Non-binary,Public Transport,Airbnb,159,93
2023-09-04 05:12:09.995013,Jazz & Jive Weekend,General Admission,18-25,Female,Public Transport,Hostel,91,153
2023-09-05 05:12:09.995013,Cosmic Sound Festival,Group Discount,Over 55,Non-binary,Walk,Stay with Friends/Family,242,316
2023-09-06 05:12:09.995013,ElectroBeat Expo,VIP,Over 55,Female,Car,Hotel,297,162
2023-09-07 05:12:09.995013,Jazz & Jive Weekend,Group Discount,18-25,Non-binary,Walk,Stay with Friends/Family,258,389
2023-09-08 05:12:09.995013,ElectroBeat Expo,Group Discount,Over 55,Female,Car,Airbnb,127,5
2023-09-09 05:12:09.995013,Jazz & Jive Weekend,VIP,18-25,Female,Rideshare,Hotel,229,333
2023-09-10 05:12:09.995013,Jazz & Jive Weekend,Backstage Pass,18-25,Non-binary,Walk,Camping,184,49
2023-09-11 05:12:09.995013,RockNRebel Music Fest,General Admission,Over 55,Male,Bike,Hostel,291,412
2023-09-12 05:12:09.995013,Jazz & Jive Weekend,General Admission,46-55,Non-binary,Public Transport,Stay with Friends/Family,64,66
2023-09-13 05:12:09.995013,ElectroBeat Expo,Group Discount,18-25,Female,Bike,Hostel,236,62
2023-09-14 05:12:09.995013,RockNRebel Music Fest,VIP,Under 18,Female,Rideshare,Hotel,135,133
2023-09-15 05:12:09.995013,Jazz & Jive Weekend,Group Discount,46-55,Prefer not to say,Public Transport,Airbnb,257,102
2023-09-16 05:12:09.995013,Retro Rewind Concert,General Admission,26-35,Female,Rideshare,Hotel,241,416
2023-09-17 05:12:09.995013,Cosmic Sound Festival,General Admission,46-55,Male,Car,Hostel,107,352
2023-09-18 05:12:09.995013,RockNRebel Music Fest,General Admission,46-55,Non-binary,Car,Camping,67,446
2023-09-19 05:12:09.995013,Cosmic Sound Festival,General Admission,18-25,Prefer not to say,Car,Hostel,246,98
2023-09-20 05:12:09.995013,Retro Rewind Concert,General Admission,26-35,Prefer not to say,Car,Stay with Friends/Family,72,348
2023-09-21 05:12:09.995013,Cosmic Sound Festival,Group Discount,18-25,Female,Rideshare,Camping,253,350
2023-09-22 05:12:09.995013,Jazz & Jive Weekend,Group Discount,46-55,Male,Walk,Hostel,55,45
2023-09-23 05:12:09.995013,Cosmic Sound Festival,Backstage Pass,Under 18,Non-binary,Car,Hotel,234,472
2023-09-24 05:12:09.995013,Retro Rewind Concert,Backstage Pass,46-55,Prefer not to say,Walk,Stay with Friends/Family,242,376
2023-09-25 05:12:09.995013,ElectroBeat Expo,General Admission,Over 55,Female,Rideshare,Stay with Friends/Family,114,16
2023-09-26 05:12:09.995013,Jazz & Jive Weekend,General Admission,46-55,Prefer not to say,Walk,Stay with Friends/Family,175,100
2023-09-27 05:12:09.995013,Jazz & Jive Weekend,General Admission,18-25,Female,Public Transport,Stay with Friends/Family,234,152
2023-09-28 05:12:09.995013,Cosmic Sound Festival,Group Discount,18-25,Female,Bike,Stay with Friends/Family,139,244
2023-09-29 05:12:09.995013,Retro Rewind Concert,General Admission,Under 18,Female,Public Transport,Hostel,159,415
2023-09-30 05:12:09.995013,ElectroBeat Expo,Group Discount,Over 55,Female,Car,Airbnb,241,320
2023-10-01 05:12:09.995013,Cosmic Sound Festival,Backstage Pass,26-35,Male,Bike,Camping,262,93
2023-10-02 05:12:09.995013,ElectroBeat Expo,VIP,Over 55,Prefer not to say,Car,Camping,125,462
2023-10-03 05:12:09.995013,Retro Rewind Concert,General Admission,36-45,Prefer not to say,Public Transport,Airbnb,249,42
2023-10-04 05:12:09.995013,Cosmic Sound Festival,General Admission,36-45,Female,Rideshare,Stay with Friends/Family,230,2
2023-10-05 05:12:09.995013,RockNRebel Music Fest,General Admission,36-45,Non-binary,Bike,Camping,124,129
2023-10-06 05:12:09.995013,Retro Rewind Concert,General Admission,Over 55,Prefer not to say,Bike,Hostel,122,354
2023-10-07 05:12:09.995013,ElectroBeat Expo,Backstage Pass,46-55,Male,Rideshare,Hotel,204,318
2023-10-08 05:12:09.995013,Cosmic Sound Festival,Group Discount,36-45,Female,Bike,Camping,220,115
2023-10-09 05:12:09.995013,Retro Rewind Concert,Group Discount,36-45,Female,Bike,Stay with Friends/Family,238,355
2023-10-10 05:12:09.995013,Cosmic Sound Festival,Group Discount,36-45,Non-binary,Public Transport,Airbnb,254,154
2023-10-11 05:12:09.995013,Jazz & Jive Weekend,Backstage Pass,46-55,Female,Car,Hotel,227,173
2023-10-12 05:12:09.995013,RockNRebel Music Fest,Group Discount,26-35,Non-binary,Public Transport,Hotel,190,85
2023-10-13 05:12:09.995013,RockNRebel Music Fest,Group Discount,26-35,Female,Walk,Camping,236,29
2023-10-14 05:12:09.995013,ElectroBeat Expo,General Admission,26-35,Female,Bike,Hotel,80,418
2023-10-15 05:12:09.995013,ElectroBeat Expo,VIP,36-45,Non-binary,Bike,Airbnb,72,175
2023-10-16 05:12:09.995013,Retro Rewind Concert,VIP,Over 55,Male,Bike,Stay with Friends/Family,279,413
2023-10-17 05:12:09.995013,RockNRebel Music Fest,Backstage Pass,26-35,Prefer not to say,Rideshare,Hotel,220,290
2023-10-18 05:12:09.995013,ElectroBeat Expo,Backstage Pass,46-55,Non-binary,Bike,Hotel,213,44
2023-10-19 05:12:09.995013,Jazz & Jive Weekend,VIP,18-25,Non-binary,Car,Hostel,155,342
2023-10-20 05:12:09.995013,Retro Rewind Concert,Backstage Pass,36-45,Prefer not to say,Car,Camping,94,343
2023-10-21 05:12:09.995013,Cosmic Sound Festival,Backstage Pass,18-25,Non-binary,Car,Hostel,137,169
2023-10-22 05:12:09.995013,Jazz & Jive Weekend,Backstage Pass,Over 55,Female,Rideshare,Airbnb,228,189
2023-10-23 05:12:09.995013,Cosmic Sound Festival,General Admission,36-45,Non-binary,Rideshare,Camping,90,236
2023-10-24 05:12:09.995013,Cosmic Sound Festival,General Admission,36-45,Non-binary,Walk,Airbnb,199,287
2023-10-25 05:12:09.995013,Cosmic Sound Festival,VIP,46-55,Prefer not to say,Bike,Stay with Friends/Family,92,36
2023-10-26 05:12:09.995013,Retro Rewind Concert,VIP,Under 18,Prefer not to say,Car,Stay with Friends/Family,190,64
2023-10-27 05:12:09.995013,ElectroBeat Expo,VIP,36-45,Male,Walk,Hostel,227,343
2023-10-28 05:12:09.995013,Cosmic Sound Festival,VIP,Under 18,Prefer not to say,Public Transport,Hostel,186,212
2023-10-29 05:12:09.995013,RockNRebel Music Fest,Group Discount,Under 18,Non-binary,Walk,Stay with Friends/Family,142,186
2023-10-30 05:12:09.995013,RockNRebel Music Fest,VIP,Under 18,Prefer not to say,Walk,Hotel,144,197
2023-10-31 05:12:09.995013,Cosmic Sound Festival,VIP,Under 18,Prefer not to say,Bike,Hotel,122,397
2023-11-01 05:12:09.995013,RockNRebel Music Fest,Backstage Pass,18-25,Female,Public Transport,Hostel,118,183
2023-11-02 05:12:09.995013,RockNRebel Music Fest,Group Discount,Under 18,Male,Public Transport,Hostel,75,389
2023-11-03 05:12:09.995013,Jazz & Jive Weekend,Backstage Pass,18-25,Prefer not to say,Walk,Airbnb,172,354
2023-11-04 05:12:09.995013,RockNRebel Music Fest,Group Discount,26-35,Female,Car,Camping,119,341
2023-11-05 05:12:09.995013,Cosmic Sound Festival,General Admission,46-55,Non-binary,Car,Hotel,291,307
2023-11-06 05:12:09.995013,Cosmic Sound Festival,VIP,36-45,Female,Car,Hostel,175,267
2023-11-07 05:12:09.995013,Cosmic Sound Festival,Group Discount,26-35,Prefer not to say,Walk,Airbnb,66,155
2023-11-08 05:12:09.995013,RockNRebel Music Fest,Backstage Pass,46-55,Prefer not to say,Rideshare,Hostel,95,480
2023-11-09 05:12:09.995013,Jazz & Jive Weekend,Group Discount,18-25,Male,Public Transport,Camping,115,205
2023-11-10 05:12:09.995013,Retro Rewind Concert,VIP,Under 18,Male,Bike,Hostel,226,373
2023-11-11 05:12:09.995013,Cosmic Sound Festival,General Admission,18-25,Non-binary,Rideshare,Stay with Friends/Family,100,271
2023-11-12 05:12:09.995013,Jazz & Jive Weekend,VIP,Over 55,Male,Public Transport,Hotel,57,35
2023-11-13 05:12:09.995013,Retro Rewind Concert,VIP,36-45,Male,Public Transport,Hostel,279,245
2023-11-14 05:12:09.995013,Cosmic Sound Festival,Backstage Pass,18-25,Female,Rideshare,Hotel,104,463
2023-11-15 05:12:09.995013,Cosmic Sound Festival,General Admission,26-35,Female,Rideshare,Hotel,232,191
2023-11-16 05:12:09.995013,Cosmic Sound Festival,Group Discount,36-45,Prefer not to say,Bike,Airbnb,104,12
2023-11-17 05:12:09.995013,Cosmic Sound Festival,Backstage Pass,26-35,Female,Public Transport,Airbnb,278,397
2023-11-18 05:12:09.995013,ElectroBeat Expo,VIP,18-25,Prefer not to say,Rideshare,Airbnb,273,21
2023-11-19 05:12:09.995013,Jazz & Jive Weekend,General Admission,36-45,Male,Rideshare,Stay with Friends/Family,220,467
2023-11-20 05:12:09.995013,ElectroBeat Expo,Backstage Pass,46-55,Non-binary,Walk,Stay with Friends/Family,70,371
2023-11-21 05:12:09.995013,Jazz & Jive Weekend,General Admission,Over 55,Prefer not to say,Rideshare,Airbnb,182,327
2023-11-22 05:12:09.995013,Jazz & Jive Weekend,Group Discount,Over 55,Prefer not to say,Bike,Airbnb,207,218
2023-11-23 05:12:09.995013,Retro Rewind Concert,VIP,46-55,Male,Bike,Airbnb,115,178
2023-11-24 05:12:09.995013,RockNRebel Music Fest,General Admission,36-45,Female,Car,Stay with Friends/Family,247,464
2023-11-25 05:12:09.995013,RockNRebel Music Fest,Group Discount,Under 18,Non-binary,Rideshare,Airbnb,157,348
2023-11-26 05:12:09.995013,ElectroBeat Expo,General Admission,Over 55,Prefer not to say,Public Transport,Camping,177,154
2023-11-27 05:12:09.995013,RockNRebel Music Fest,Backstage Pass,Under 18,Female,Bike,Stay with Friends/Family,135,170
2023-11-28 05:12:09.995013,Retro Rewind Concert,Group Discount,26-35,Non-binary,Car,Hotel,65,318
2023-11-29 05:12:09.995013,Retro Rewind Concert,General Admission,Under 18,Female,Rideshare,Hostel,89,355
2023-11-30 05:12:09.995013,Jazz & Jive Weekend,Group Discount,26-35,Female,Car,Hostel,157,458
2023-12-01 05:12:09.995013,Jazz & Jive Weekend,Group Discount,Under 18,Male,Car,Hostel,127,437
2023-12-02 05:12:09.995013,Jazz & Jive Weekend,VIP,36-45,Male,Car,Hostel,230,173
2023-12-03 05:12:09.995013,Jazz & Jive Weekend,VIP,46-55,Non-binary,Public Transport,Hostel,109,228
2023-12-04 05:12:09.995013,RockNRebel Music Fest,Backstage Pass,26-35,Non-binary,Car,Camping,124,335
2023-12-05 05:12:09.995013,Retro Rewind Concert,General Admission,Over 55,Prefer not to say,Car,Hotel,295,97
2023-12-06 05:12:09.995013,RockNRebel Music Fest,Group Discount,Under 18,Non-binary,Rideshare,Camping,243,492
2023-12-07 05:12:09.995013,Cosmic Sound Festival,Group Discount,46-55,Male,Bike,Hostel,198,215
2023-12-08 05:12:09.995013,ElectroBeat Expo,VIP,Over 55,Male,Car,Airbnb,282,147
2023-12-09 05:12:09.995013,Jazz & Jive Weekend,Group Discount,18-25,Female,Bike,Stay with Friends/Family,157,158
2023-12-10 05:12:09.995013,RockNRebel Music Fest,General Admission,46-55,Male,Walk,Airbnb,249,49
2023-12-11 05:12:09.995013,Jazz & Jive Weekend,VIP,Over 55,Prefer not to say,Rideshare,Hostel,72,442
2023-12-12 05:12:09.995013,Cosmic Sound Festival,VIP,Over 55,Male,Public Transport,Hotel,102,294
2023-12-13 05:12:09.995013,Retro Rewind Concert,VIP,18-25,Prefer not to say,Walk,Hostel,129,5
2023-12-14 05:12:09.995013,ElectroBeat Expo,Backstage Pass,18-25,Prefer not to say,Car,Camping,76,196
2023-12-15 05:12:09.995013,RockNRebel Music Fest,Group Discount,18-25,Male,Public Transport,Stay with Friends/Family,196,162
2023-12-16 05:12:09.995013,Jazz & Jive Weekend,VIP,46-55,Male,Car,Hotel,184,116
2023-12-17 05:12:09.995013,Retro Rewind Concert,Group Discount,Under 18,Female,Car,Airbnb,149,48
2023-12-18 05:12:09.995013,Jazz & Jive Weekend,General Admission,18-25,Male,Rideshare,Hotel,221,488
2023-12-19 05:12:09.995013,ElectroBeat Expo,Group Discount,36-45,Prefer not to say,Public Transport,Camping,158,161
2023-12-20 05:12:09.995013,Retro Rewind Concert,Backstage Pass,46-55,Non-binary,Car,Stay with Friends/Family,135,328
2023-12-21 05:12:09.995013,RockNRebel Music Fest,Group Discount,36-45,Prefer not to say,Bike,Stay with Friends/Family,147,462
2023-12-22 05:12:09.995013,Cosmic Sound Festival,Group Discount,26-35,Prefer not to say,Bike,Camping,178,186
2023-12-23 05:12:09.995013,Cosmic Sound Festival,Backstage Pass,Over 55,Male,Rideshare,Hotel,99,167
2023-12-24 05:12:09.995013,Retro Rewind Concert,Backstage Pass,18-25,Male,Car,Hostel,252,142
2023-12-25 05:12:09.995013,ElectroBeat Expo,Backstage Pass,18-25,Prefer not to say,Bike,Stay with Friends/Family,211,188
2023-12-26 05:12:09.995013,Retro Rewind Concert,Backstage Pass,26-35,Female,Rideshare,Camping,190,18
2023-12-27 05:12:09.995013,Cosmic Sound Festival,Group Discount,46-55,Non-binary,Public Transport,Hotel,109,136
2023-12-28 05:12:09.995013,Jazz & Jive Weekend,Backstage Pass,18-25,Male,Rideshare,Airbnb,149,437
2023-12-29 05:12:09.995013,RockNRebel Music Fest,Backstage Pass,46-55,Prefer not to say,Bike,Airbnb,190,194
2023-12-30 05:12:09.995013,Cosmic Sound Festival,Backstage Pass,36-45,Female,Car,Camping,168,347
2023-12-31 05:12:09.995013,RockNRebel Music Fest,General Admission,46-55,Non-binary,Walk,Hotel,281,103
2024-01-01 05:12:09.995013,Retro Rewind Concert,VIP,18-25,Female,Public Transport,Stay with Friends/Family,155,380
2024-01-02 05:12:09.995013,RockNRebel Music Fest,General Admission,Over 55,Female,Public Transport,Stay with Friends/Family,148,417
2024-01-03 05:12:09.995013,RockNRebel Music Fest,General Admission,Over 55,Non-binary,Car,Airbnb,82,490
2024-01-04 05:12:09.995013,Jazz & Jive Weekend,Group Discount,36-45,Non-binary,Car,Stay with Friends/Family,79,320
2024-01-05 05:12:09.995013,RockNRebel Music Fest,Backstage Pass,Over 55,Non-binary,Car,Airbnb,249,206
2024-01-06 05:12:09.995013,Jazz & Jive Weekend,VIP,18-25,Non-binary,Car,Airbnb,70,473
2024-01-07 05:12:09.995013,Jazz & Jive Weekend,Group Discount,26-35,Female,Public Transport,Camping,169,114
2024-01-08 05:12:09.995013,RockNRebel Music Fest,Backstage Pass,26-35,Female,Bike,Camping,279,132
2024-01-09 05:12:09.995013,Retro Rewind Concert,Group Discount,Over 55,Prefer not to say,Public Transport,Camping,220,471
2024-01-10 05:12:09.995013,Retro Rewind Concert,VIP,26-35,Female,Car,Camping,215,266
2024-01-11 05:12:09.995013,RockNRebel Music Fest,Group Discount,26-35,Non-binary,Car,Hostel,124,27
2024-01-12 05:12:09.995013,ElectroBeat Expo,General Admission,Over 55,Non-binary,Car,Camping,245,55
2024-01-13 05:12:09.995013,Jazz & Jive Weekend,General Admission,46-55,Non-binary,Rideshare,Stay with Friends/Family,101,339
2024-01-14 05:12:09.995013,Retro Rewind Concert,Group Discount,46-55,Male,Walk,Hotel,57,56
2024-01-15 05:12:09.995013,Cosmic Sound Festival,VIP,36-45,Non-binary,Walk,Camping,201,73
2024-01-16 05:12:09.995013,Retro Rewind Concert,Backstage Pass,Over 55,Female,Bike,Stay with Friends/Family,232,137
2024-01-17 05:12:09.995013,Jazz & Jive Weekend,Backstage Pass,36-45,Non-binary,Car,Stay with Friends/Family,159,98
2024-01-18 05:12:09.995013,Jazz & Jive Weekend,VIP,46-55,Male,Bike,Camping,160,448
2024-01-19 05:12:09.995013,Jazz & Jive Weekend,General Admission,36-45,Female,Walk,Airbnb,200,385
2024-01-20 05:12:09.995013,ElectroBeat Expo,General Admission,18-25,Male,Walk,Hotel,88,66
2024-01-21 05:12:09.995013,Jazz & Jive Weekend,VIP,26-35,Prefer not to say,Public Transport,Hotel,203,482
2024-01-22 05:12:09.995013,Cosmic Sound Festival,General Admission,26-35,Female,Car,Hotel,130,305
2024-01-23 05:12:09.995013,RockNRebel Music Fest,General Admission,18-25,Prefer not to say,Walk,Airbnb,174,466
2024-01-24 05:12:09.995013,ElectroBeat Expo,VIP,Under 18,Non-binary,Rideshare,Stay with Friends/Family,113,141
2024-01-25 05:12:09.995013,Jazz & Jive Weekend,Group Discount,36-45,Non-binary,Car,Camping,227,259
2024-01-26 05:12:09.995013,Jazz & Jive Weekend,VIP,18-25,Female,Bike,Airbnb,138,445
2024-01-27 05:12:09.995013,Cosmic Sound Festival,VIP,18-25,Male,Walk,Hostel,235,284
2024-01-28 05:12:09.995013,Retro Rewind Concert,VIP,46-55,Female,Rideshare,Camping,223,442
2024-01-29 05:12:09.995013,Cosmic Sound Festival,Group Discount,26-35,Female,Walk,Hostel,80,68
2024-01-30 05:12:09.995013,Cosmic Sound Festival,VIP,Under 18,Female,Public Transport,Stay with Friends/Family,63,241
2024-01-31 05:12:09.995013,Cosmic Sound Festival,Group Discount,Over 55,Female,Bike,Hostel,61,443
2024-02-01 05:12:09.995013,ElectroBeat Expo,General Admission,46-55,Female,Rideshare,Airbnb,162,374
2024-02-02 05:12:09.995013,Jazz & Jive Weekend,General Admission,Over 55,Prefer not to say,Car,Stay with Friends/Family,219,215
2024-02-03 05:12:09.995013,Cosmic Sound Festival,Backstage Pass,36-45,Male,Rideshare,Stay with Friends/Family,65,151
2024-02-04 05:12:09.995013,Jazz & Jive Weekend,General Admission,Over 55,Prefer not to say,Walk,Hostel,55,167
2024-02-05 05:12:09.995013,Retro Rewind Concert,Group Discount,26-35,Prefer not to say,Car,Airbnb,191,443
2024-02-06 05:12:09.995013,Jazz & Jive Weekend,Backstage Pass,36-45,Male,Public Transport,Airbnb,52,89
2024-02-07 05:12:09.995013,Retro Rewind Concert,VIP,36-45,Prefer not to say,Public Transport,Airbnb,62,194
2024-02-08 05:12:09.995013,ElectroBeat Expo,Backstage Pass,46-55,Prefer not to say,Bike,Hostel,267,177
2024-02-09 05:12:09.995013,RockNRebel Music Fest,VIP,Over 55,Male,Rideshare,Camping,261,185
2024-02-10 05:12:09.995013,Retro Rewind Concert,VIP,26-35,Prefer not to say,Rideshare,Airbnb,113,81
2024-02-11 05:12:09.995013,Jazz & Jive Weekend,Group Discount,46-55,Female,Car,Hostel,160,405
2024-02-12 05:12:09.995013,ElectroBeat Expo,VIP,46-55,Prefer not to say,Bike,Hostel,214,348
2024-02-13 05:12:09.995013,Cosmic Sound Festival,VIP,Under 18,Male,Rideshare,Airbnb,164,158
2024-02-14 05:12:09.995013,Retro Rewind Concert,VIP,Under 18,Prefer not to say,Walk,Airbnb,286,286
2024-02-15 05:12:09.995013,RockNRebel Music Fest,VIP,18-25,Non-binary,Car,Stay with Friends/Family,63,110
2024-02-16 05:12:09.995013,Retro Rewind Concert,General Admission,Under 18,Female,Rideshare,Airbnb,168,12
2024-02-17 05:12:09.995013,ElectroBeat Expo,General Admission,36-45,Non-binary,Walk,Hotel,108,259
2024-02-18 05:12:09.995013,Cosmic Sound Festival,VIP,46-55,Prefer not to say,Car,Stay with Friends/Family,245,303
2024-02-19 05:12:09.995013,RockNRebel Music Fest,General Admission,18-25,Prefer not to say,Public Transport,Airbnb,191,488
2024-02-20 05:12:09.995013,Cosmic Sound Festival,VIP,46-55,Male,Car,Hotel,290,213
2024-02-21 05:12:09.995013,RockNRebel Music Fest,VIP,46-55,Female,Bike,Hostel,171,302
2024-02-22 05:12:09.995013,Retro Rewind Concert,Group Discount,36-45,Female,Car,Hostel,148,387
2024-02-23 05:12:09.995013,RockNRebel Music Fest,Backstage Pass,46-55,Prefer not to say,Car,Camping,53,448
2024-02-24 05:12:09.995013,Cosmic Sound Festival,VIP,18-25,Female,Car,Camping,106,416
2024-02-25 05:12:09.995013,Jazz & Jive Weekend,VIP,36-45,Female,Car,Airbnb,239,246
2024-02-26 05:12:09.995013,ElectroBeat Expo,General Admission,18-25,Non-binary,Public Transport,Hostel,252,459
2024-02-27 05:12:09.995013,Retro Rewind Concert,General Admission,Under 18,Prefer not to say,Public Transport,Airbnb,133,38
2024-02-28 05:12:09.995013,Jazz & Jive Weekend,Group Discount,26-35,Male,Car,Hostel,257,334
2024-02-29 05:12:09.995013,Jazz & Jive Weekend,VIP,46-55,Female,Rideshare,Hotel,80,465
2024-03-01 05:12:09.995013,Jazz & Jive Weekend,Group Discount,36-45,Female,Rideshare,Airbnb,154,257
2024-03-02 05:12:09.995013,Retro Rewind Concert,General Admission,36-45,Non-binary,Walk,Airbnb,271,86
2024-03-03 05:12:09.995013,Cosmic Sound Festival,VIP,26-35,Female,Rideshare,Hostel,78,133
2024-03-04 05:12:09.995013,ElectroBeat Expo,Backstage Pass,Over 55,Male,Rideshare,Hotel,251,219
2024-03-05 05:12:09.995013,ElectroBeat Expo,Group Discount,26-35,Prefer not to say,Bike,Stay with Friends/Family,189,161
2024-03-06 05:12:09.995013,RockNRebel Music Fest,General Admission,46-55,Female,Bike,Airbnb,271,163
2024-03-07 05:12:09.995013,Jazz & Jive Weekend,General Admission,Under 18,Prefer not to say,Walk,Camping,253,204
2024-03-08 05:12:09.995013,Jazz & Jive Weekend,General Admission,Over 55,Non-binary,Bike,Airbnb,252,398
2024-03-09 05:12:09.995013,Jazz & Jive Weekend,VIP,36-45,Non-binary,Public Transport,Hostel,249,36
2024-03-10 05:12:09.995013,RockNRebel Music Fest,Group Discount,Over 55,Prefer not to say,Public Transport,Hostel,248,226
2024-03-11 05:12:09.995013,ElectroBeat Expo,Backstage Pass,46-55,Male,Rideshare,Hotel,85,207
2024-03-12 05:12:09.995013,ElectroBeat Expo,Backstage Pass,Over 55,Female,Car,Hostel,81,398
2024-03-13 05:12:09.995013,RockNRebel Music Fest,General Admission,36-45,Non-binary,Car,Hotel,281,44
2024-03-14 05:12:09.995013,Retro Rewind Concert,VIP,Under 18,Non-binary,Car,Airbnb,297,289
2024-03-15 05:12:09.995013,RockNRebel Music Fest,Group Discount,26-35,Male,Walk,Hotel,179,262
2024-03-16 05:12:09.995013,ElectroBeat Expo,General Admission,26-35,Male,Walk,Hostel,88,367
2024-03-17 05:12:09.995013,Retro Rewind Concert,General Admission,Over 55,Prefer not to say,Car,Airbnb,149,176
2024-03-18 05:12:09.995013,Cosmic Sound Festival,VIP,46-55,Prefer not to say,Public Transport,Airbnb,176,467
2024-03-19 05:12:09.995013,Cosmic Sound Festival,Group Discount,46-55,Non-binary,Rideshare,Stay with Friends/Family,252,18
2024-03-20 05:12:09.995013,ElectroBeat Expo,VIP,Under 18,Prefer not to say,Bike,Airbnb,78,410
2024-03-21 05:12:09.995013,Jazz & Jive Weekend,Backstage Pass,26-35,Female,Rideshare,Airbnb,84,280
2024-03-22 05:12:09.995013,Retro Rewind Concert,General Admission,46-55,Non-binary,Walk,Hostel,125,297
2024-03-23 05:12:09.995013,RockNRebel Music Fest,Group Discount,Under 18,Male,Rideshare,Airbnb,90,406
2024-03-24 05:12:09.995013,RockNRebel Music Fest,General Admission,46-55,Prefer not to say,Public Transport,Hostel,156,189
2024-03-25 05:12:09.995013,RockNRebel Music Fest,Backstage Pass,Under 18,Male,Car,Hotel,155,362
2024-03-26 05:12:09.995013,Retro Rewind Concert,Group Discount,26-35,Male,Rideshare,Stay with Friends/Family,119,333
2024-03-27 05:12:09.995013,ElectroBeat Expo,General Admission,Over 55,Prefer not to say,Car,Hotel,122,50
2024-03-28 05:12:09.995013,Jazz & Jive Weekend,Backstage Pass,Over 55,Non-binary,Walk,Stay with Friends/Family,239,193
2024-03-29 05:12:09.995013,Retro Rewind Concert,Backstage Pass,Under 18,Female,Public Transport,Hotel,246,254
2024-03-30 05:12:09.995013,Retro Rewind Concert,VIP,Over 55,Female,Public Transport,Hotel,116,311
2024-03-31 05:12:09.995013,ElectroBeat Expo,General Admission,Over 55,Female,Car,Camping,250,321
2024-04-01 05:12:09.995013,Retro Rewind Concert,VIP,36-45,Non-binary,Car,Airbnb,291,118
2024-04-02 05:12:09.995013,Cosmic Sound Festival,Backstage Pass,18-25,Female,Public Transport,Camping,67,336
2024-04-03 05:12:09.995013,RockNRebel Music Fest,General Admission,36-45,Male,Public Transport,Hostel,200,495
2024-04-04 05:12:09.995013,RockNRebel Music Fest,Group Discount,46-55,Male,Walk,Camping,297,258
2024-04-05 05:12:09.995013,Retro Rewind Concert,General Admission,46-55,Male,Public Transport,Camping,248,52
2024-04-06 05:12:09.995013,Retro Rewind Concert,Group Discount,18-25,Female,Public Transport,Airbnb,162,51
2024-04-07 05:12:09.995013,RockNRebel Music Fest,Backstage Pass,Over 55,Female,Walk,Airbnb,141,273
2024-04-08 05:12:09.995013,Retro Rewind Concert,Backstage Pass,Over 55,Female,Rideshare,Camping,279,353
2024-04-09 05:12:09.995013,RockNRebel Music Fest,Backstage Pass,18-25,Prefer not to say,Car,Airbnb,155,280
2024-04-10 05:12:09.995013,Cosmic Sound Festival,VIP,26-35,Male,Rideshare,Camping,200,327
2024-04-11 05:12:09.995013,Retro Rewind Concert,VIP,36-45,Prefer not to say,Walk,Hostel,109,56
2024-04-12 05:12:09.995013,Cosmic Sound Festival,VIP,26-35,Non-binary,Rideshare,Hotel,182,97
2024-04-13 05:12:09.995013,ElectroBeat Expo,Backstage Pass,18-25,Prefer not to say,Public Transport,Hotel,299,288
2024-04-14 05:12:09.995013,RockNRebel Music Fest,VIP,18-25,Non-binary,Bike,Airbnb,161,315
2024-04-15 05:12:09.995013,Cosmic Sound Festival,Group Discount,18-25,Female,Rideshare,Stay with Friends/Family,261,59
2024-04-16 05:12:09.995013,Jazz & Jive Weekend,Group Discount,Over 55,Prefer not to say,Rideshare,Hotel,134,428
2024-04-17 05:12:09.995013,Retro Rewind Concert,VIP,46-55,Female,Walk,Hotel,119,413
2024-04-18 05:12:09.995013,ElectroBeat Expo,General Admission,26-35,Female,Car,Stay with Friends/Family,178,128
2024-04-19 05:12:09.995013,Jazz & Jive Weekend,Group Discount,18-25,Prefer not to say,Public Transport,Camping,293,322
2024-04-20 05:12:09.995013,Jazz & Jive Weekend,Group Discount,36-45,Male,Rideshare,Airbnb,84,333
2024-04-21 05:12:09.995013,RockNRebel Music Fest,Group Discount,46-55,Non-binary,Car,Airbnb,187,291
2024-04-22 05:12:09.995013,Jazz & Jive Weekend,Backstage Pass,18-25,Non-binary,Walk,Airbnb,234,7
2024-04-23 05:12:09.995013,Retro Rewind Concert,VIP,18-25,Prefer not to say,Public Transport,Airbnb,131,69
2024-04-24 05:12:09.995013,RockNRebel Music Fest,Backstage Pass,Over 55,Male,Car,Stay with Friends/Family,61,381
2024-04-25 05:12:09.995013,Retro Rewind Concert,General Admission,46-55,Female,Bike,Hotel,113,486
2024-04-26 05:12:09.995013,RockNRebel Music Fest,General Admission,26-35,Prefer not to say,Rideshare,Stay with Friends/Family,143,292
2024-04-27 05:12:09.995013,ElectroBeat Expo,General Admission,Over 55,Prefer not to say,Rideshare,Hotel,160,221
2024-04-28 05:12:09.995013,ElectroBeat Expo,Group Discount,Under 18,Male,Rideshare,Airbnb,288,98
2024-04-29 05:12:09.995013,RockNRebel Music Fest,Backstage Pass,26-35,Female,Rideshare,Hostel,212,382
2024-04-30 05:12:09.995013,Cosmic Sound Festival,Backstage Pass,46-55,Prefer not to say,Public Transport,Camping,197,430
2024-05-01 05:12:09.995013,Cosmic Sound Festival,Backstage Pass,Over 55,Male,Walk,Camping,197,406
2024-05-02 05:12:09.995013,Jazz & Jive Weekend,VIP,Under 18,Prefer not to say,Rideshare,Stay with Friends/Family,243,216
2024-05-03 05:12:09.995013,RockNRebel Music Fest,VIP,Under 18,Non-binary,Public Transport,Airbnb,151,281
2024-05-04 05:12:09.995013,Cosmic Sound Festival,Group Discount,Under 18,Non-binary,Rideshare,Stay with Friends/Family,199,158
2024-05-05 05:12:09.995013,Jazz & Jive Weekend,VIP,Under 18,Non-binary,Walk,Stay with Friends/Family,147,377
2024-05-06 05:12:09.995013,Cosmic Sound Festival,Group Discount,18-25,Female,Car,Hotel,218,432
2024-05-07 05:12:09.995013,Cosmic Sound Festival,Backstage Pass,36-45,Female,Bike,Camping,237,342
2024-05-08 05:12:09.995013,Retro Rewind Concert,General Admission,36-45,Male,Bike,Hostel,61,12
2024-05-09 05:12:09.995013,Cosmic Sound Festival,Group Discount,18-25,Prefer not to say,Car,Hostel,258,289
2024-05-10 05:12:09.995013,ElectroBeat Expo,Backstage Pass,Under 18,Female,Bike,Stay with Friends/Family,270,406
2024-05-11 05:12:09.995013,RockNRebel Music Fest,Backstage Pass,36-45,Non-binary,Rideshare,Hotel,275,223
2024-05-12 05:12:09.995013,Jazz & Jive Weekend,Group Discount,Over 55,Female,Bike,Stay with Friends/Family,221,444
2024-05-13 05:12:09.995013,Retro Rewind Concert,Backstage Pass,Over 55,Male,Public Transport,Hostel,142,449
2024-05-14 05:12:09.995013,RockNRebel Music Fest,Backstage Pass,36-45,Male,Public Transport,Airbnb,236,338
2024-05-15 05:12:09.995013,Retro Rewind Concert,Backstage Pass,36-45,Non-binary,Bike,Stay with Friends/Family,92,374
2024-05-16 05:12:09.995013,RockNRebel Music Fest,Group Discount,Under 18,Non-binary,Car,Hostel,82,427
2024-05-17 05:12:09.995013,Jazz & Jive Weekend,VIP,26-35,Female,Bike,Hotel,250,255
2024-05-18 05:12:09.995013,Retro Rewind Concert,General Admission,26-35,Non-binary,Rideshare,Stay with Friends/Family,211,215
2024-05-19 05:12:09.995013,Cosmic Sound Festival,General Admission,36-45,Prefer not to say,Walk,Stay with Friends/Family,217,125
2024-05-20 05:12:09.995013,Cosmic Sound Festival,Group Discount,26-35,Female,Bike,Stay with Friends/Family,216,151
2024-05-21 05:12:09.995013,Retro Rewind Concert,General Admission,18-25,Non-binary,Car,Airbnb,147,448
2024-05-22 05:12:09.995013,RockNRebel Music Fest,Group Discount,18-25,Non-binary,Car,Hotel,148,498
2024-05-23 05:12:09.995013,RockNRebel Music Fest,Group Discount,46-55,Prefer not to say,Public Transport,Hostel,282,419
2024-05-24 05:12:09.995013,ElectroBeat Expo,VIP,Under 18,Female,Rideshare,Airbnb,103,309
2024-05-25 05:12:09.995013,RockNRebel Music Fest,General Admission,Under 18,Female,Rideshare,Camping,283,442
2024-05-26 05:12:09.995013,RockNRebel Music Fest,VIP,18-25,Non-binary,Rideshare,Airbnb,146,416
2024-05-27 05:12:09.995013,Cosmic Sound Festival,Group Discount,Over 55,Female,Bike,Hotel,291,256
2024-05-28 05:12:09.995013,ElectroBeat Expo,Group Discount,26-35,Non-binary,Rideshare,Airbnb,112,201
2024-05-29 05:12:09.995013,Retro Rewind Concert,Group Discount,36-45,Non-binary,Public Transport,Hostel,63,56
2024-05-30 05:12:09.995013,Cosmic Sound Festival,General Admission,Over 55,Non-binary,Public Transport,Airbnb,239,131
2024-05-31 05:12:09.995013,RockNRebel Music Fest,Backstage Pass,36-45,Male,Walk,Camping,137,293
2024-06-01 05:12:09.995013,ElectroBeat Expo,General Admission,26-35,Non-binary,Rideshare,Hostel,250,351
2024-06-02 05:12:09.995013,RockNRebel Music Fest,Backstage Pass,46-55,Male,Public Transport,Camping,90,118
2024-06-03 05:12:09.995013,Jazz & Jive Weekend,Backstage Pass,36-45,Male,Bike,Camping,292,397
2024-06-04 05:12:09.995013,Cosmic Sound Festival,General Admission,18-25,Non-binary,Bike,Hostel,128,311
2024-06-05 05:12:09.995013,ElectroBeat Expo,Group Discount,26-35,Male,Rideshare,Camping,293,270
2024-06-06 05:12:09.995013,Jazz & Jive Weekend,General Admission,Over 55,Prefer not to say,Rideshare,Airbnb,279,339
2024-06-07 05:12:09.995013,Cosmic Sound Festival,VIP,26-35,Non-binary,Rideshare,Hostel,254,314
2024-06-08 05:12:09.995013,Jazz & Jive Weekend,Group Discount,46-55,Non-binary,Rideshare,Airbnb,201,464
2024-06-09 05:12:09.995013,ElectroBeat Expo,VIP,Over 55,Non-binary,Car,Stay with Friends/Family,112,496
2024-06-10 05:12:09.995013,ElectroBeat Expo,Group Discount,46-55,Non-binary,Car,Airbnb,124,11
2024-06-11 05:12:09.995013,Retro Rewind Concert,Backstage Pass,26-35,Prefer not to say,Public Transport,Camping,181,482
2024-06-12 05:12:09.995013,RockNRebel Music Fest,VIP,46-55,Non-binary,Public Transport,Airbnb,202,290
2024-06-13 05:12:09.995013,Jazz & Jive Weekend,VIP,26-35,Non-binary,Bike,Stay with Friends/Family,138,305
2024-06-14 05:12:09.995013,Jazz & Jive Weekend,VIP,26-35,Male,Public Transport,Stay with Friends/Family,90,86
2024-06-15 05:12:09.995013,Cosmic Sound Festival,VIP,Over 55,Female,Rideshare,Airbnb,272,15
2024-06-16 05:12:09.995013,Cosmic Sound Festival,General Admission,18-25,Prefer not to say,Bike,Camping,162,362
2024-06-17 05:12:09.995013,Cosmic Sound Festival,Group Discount,46-55,Female,Car,Airbnb,124,372
2024-06-18 05:12:09.995013,Retro Rewind Concert,General Admission,Under 18,Female,Car,Hostel,266,127
2024-06-19 05:12:09.995013,RockNRebel Music Fest,Group Discount,Over 55,Prefer not to say,Public Transport,Camping,208,64
2024-06-20 05:12:09.995013,Cosmic Sound Festival,VIP,Under 18,Prefer not to say,Rideshare,Hotel,285,232
2024-06-21 05:12:09.995013,RockNRebel Music Fest,Backstage Pass,Over 55,Female,Car,Hostel,219,238
2024-06-22 05:12:09.995013,Cosmic Sound Festival,Group Discount,26-35,Male,Walk,Hotel,217,64
2024-06-23 05:12:09.995013,RockNRebel Music Fest,General Admission,36-45,Non-binary,Walk,Hostel,103,478
2024-06-24 05:12:09.995013,Cosmic Sound Festival,Backstage Pass,26-35,Non-binary,Car,Hostel,212,7
2024-06-25 05:12:09.995013,Retro Rewind Concert,VIP,26-35,Prefer not to say,Walk,Airbnb,167,201
2024-06-26 05:12:09.995013,Retro Rewind Concert,Group Discount,18-25,Prefer not to say,Car,Airbnb,98,498
2024-06-27 05:12:09.995013,RockNRebel Music Fest,Backstage Pass,Over 55,Non-binary,Walk,Hostel,276,16
2024-06-28 05:12:09.995013,Jazz & Jive Weekend,General Admission,18-25,Female,Car,Hotel,60,323
2024-06-29 05:12:09.995013,ElectroBeat Expo,Group Discount,36-45,Female,Car,Stay with Friends/Family,157,204
2024-06-30 05:12:09.995013,RockNRebel Music Fest,Backstage Pass,26-35,Prefer not to say,Car,Hostel,238,436
2024-07-01 05:12:09.995013,Retro Rewind Concert,Backstage Pass,36-45,Prefer not to say,Public Transport,Hotel,114,405
2024-07-02 05:12:09.995013,ElectroBeat Expo,Group Discount,Under 18,Female,Rideshare,Hostel,277,144
2024-07-03 05:12:09.995013,RockNRebel Music Fest,General Admission,36-45,Non-binary,Bike,Airbnb,278,200
2024-07-04 05:12:09.995013,ElectroBeat Expo,VIP,26-35,Female,Car,Camping,181,406
2024-07-05 05:12:09.995013,ElectroBeat Expo,VIP,Under 18,Male,Rideshare,Hotel,202,379
2024-07-06 05:12:09.995013,Jazz & Jive Weekend,Backstage Pass,Over 55,Prefer not to say,Walk,Stay with Friends/Family,296,444
2024-07-07 05:12:09.995013,Retro Rewind Concert,Backstage Pass,18-25,Prefer not to say,Bike,Hostel,256,234
2024-07-08 05:12:09.995013,Cosmic Sound Festival,VIP,46-55,Prefer not to say,Bike,Camping,77,207
2024-07-09 05:12:09.995013,RockNRebel Music Fest,Group Discount,46-55,Non-binary,Bike,Hostel,121,362
2024-07-10 05:12:09.995013,ElectroBeat Expo,General Admission,Under 18,Male,Bike,Hotel,252,432
2024-07-11 05:12:09.995013,Cosmic Sound Festival,General Admission,Under 18,Non-binary,Bike,Hostel,120,246
2024-07-12 05:12:09.995013,ElectroBeat Expo,VIP,18-25,Non-binary,Bike,Airbnb,92,129
2024-07-13 05:12:09.995013,ElectroBeat Expo,General Admission,Over 55,Male,Walk,Hostel,294,232
2024-07-14 05:12:09.995013,Jazz & Jive Weekend,VIP,Under 18,Female,Bike,Camping,130,387
2024-07-15 05:12:09.995013,RockNRebel Music Fest,Group Discount,Under 18,Female,Rideshare,Airbnb,80,453
2024-07-16 05:12:09.995013,ElectroBeat Expo,Group Discount,18-25,Male,Car,Camping,189,80
2024-07-17 05:12:09.995013,Jazz & Jive Weekend,General Admission,Over 55,Female,Bike,Camping,150,23
2024-07-18 05:12:09.995013,ElectroBeat Expo,Group Discount,46-55,Prefer not to say,Bike,Hostel,214,302
2024-07-19 05:12:09.995013,Cosmic Sound Festival,VIP,26-35,Female,Bike,Hostel,190,456
2024-07-20 05:12:09.995013,Jazz & Jive Weekend,Backstage Pass,46-55,Female,Car,Camping,132,442
2024-07-21 05:12:09.995013,Retro Rewind Concert,Group Discount,Under 18,Prefer not to say,Rideshare,Camping,63,44
2024-07-22 05:12:09.995013,Retro Rewind Concert,Group Discount,18-25,Male,Bike,Camping,115,120
2024-07-23 05:12:09.995013,ElectroBeat Expo,Group Discount,Over 55,Non-binary,Rideshare,Hostel,283,188
2024-07-24 05:12:09.995013,Retro Rewind Concert,Backstage Pass,46-55,Prefer not to say,Rideshare,Hostel,145,197
2024-07-25 05:12:09.995013,Cosmic Sound Festival,Backstage Pass,18-25,Male,Walk,Airbnb,74,304
2024-07-26 05:12:09.995013,Cosmic Sound Festival,General Admission,18-25,Female,Public Transport,Stay with Friends/Family,114,74
2024-07-27 05:12:09.995013,Jazz & Jive Weekend,Group Discount,18-25,Non-binary,Rideshare,Airbnb,202,414
2024-07-28 05:12:09.995013,Jazz & Jive Weekend,General Admission,Under 18,Female,Bike,Stay with Friends/Family,135,74
2024-07-29 05:12:09.995013,Cosmic Sound Festival,VIP,36-45,Prefer not to say,Public Transport,Hotel,268,140
2024-07-30 05:12:09.995013,RockNRebel Music Fest,VIP,18-25,Non-binary,Public Transport,Hotel,134,149
2024-07-31 05:12:09.995013,Jazz & Jive Weekend,General Admission,18-25,Female,Bike,Hotel,232,375
2024-08-01 05:12:09.995013,Cosmic Sound Festival,Backstage Pass,36-45,Female,Bike,Camping,250,482
2024-08-02 05:12:09.995013,RockNRebel Music Fest,VIP,Over 55,Prefer not to say,Car,Camping,64,239
2024-08-03 05:12:09.995013,Retro Rewind Concert,General Admission,26-35,Prefer not to say,Bike,Airbnb,167,275
2024-08-04 05:12:09.995013,RockNRebel Music Fest,Backstage Pass,36-45,Female,Rideshare,Hostel,271,345
2024-08-05 05:12:09.995013,ElectroBeat Expo,General Admission,36-45,Prefer not to say,Bike,Airbnb,144,279
2024-08-06 05:12:09.995013,Jazz & Jive Weekend,General Admission,18-25,Female,Car,Airbnb,71,279
2024-08-07 05:12:09.995013,Jazz & Jive Weekend,Group Discount,18-25,Male,Bike,Hotel,70,103
2024-08-08 05:12:09.995013,Retro Rewind Concert,General Admission,26-35,Non-binary,Public Transport,Airbnb,176,261
2024-08-09 05:12:09.995013,ElectroBeat Expo,VIP,46-55,Prefer not to say,Public Transport,Stay with Friends/Family,129,325
2024-08-10 05:12:09.995013,Cosmic Sound Festival,Group Discount,Over 55,Male,Rideshare,Hostel,143,159
2024-08-11 05:12:09.995013,Cosmic Sound Festival,VIP,46-55,Prefer not to say,Rideshare,Hostel,151,337
2024-08-12 05:12:09.995013,Cosmic Sound Festival,VIP,26-35,Male,Walk,Stay with Friends/Family,173,178
2024-08-13 05:12:09.995013,Retro Rewind Concert,Group Discount,18-25,Female,Rideshare,Hostel,237,347
2024-08-14 05:12:09.995013,ElectroBeat Expo,Group Discount,46-55,Female,Car,Hostel,58,114
2024-08-15 05:12:09.995013,Jazz & Jive Weekend,VIP,Over 55,Prefer not to say,Rideshare,Hostel,187,85
2024-08-16 05:12:09.995013,ElectroBeat Expo,Backstage Pass,Under 18,Female,Bike,Hotel,141,499
2024-08-17 05:12:09.995013,ElectroBeat Expo,Group Discount,26-35,Prefer not to say,Walk,Airbnb,154,282
2024-08-18 05:12:09.995013,Cosmic Sound Festival,VIP,36-45,Male,Bike,Stay with Friends/Family,222,430
2024-08-19 05:12:09.995013,Retro Rewind Concert,Backstage Pass,46-55,Female,Car,Hostel,267,82
2024-08-20 05:12:09.995013,Cosmic Sound Festival,VIP,26-35,Male,Public Transport,Camping,274,135
2024-08-21 05:12:09.995013,Cosmic Sound Festival,General Admission,Over 55,Prefer not to say,Walk,Airbnb,111,472
2024-08-22 05:12:09.995013,ElectroBeat Expo,Backstage Pass,Over 55,Female,Car,Stay with Friends/Family,200,391
2024-08-23 05:12:09.995013,RockNRebel Music Fest,General Admission,46-55,Non-binary,Bike,Airbnb,219,154
2024-08-24 05:12:09.995013,ElectroBeat Expo,Group Discount,36-45,Non-binary,Car,Hotel,230,408
2024-08-25 05:12:09.995013,Cosmic Sound Festival,Backstage Pass,46-55,Non-binary,Car,Stay with Friends/Family,73,183
2024-08-26 05:12:09.995013,Jazz & Jive Weekend,Backstage Pass,26-35,Female,Walk,Airbnb,290,337
2024-08-27 05:12:09.995013,Retro Rewind Concert,VIP,26-35,Female,Walk,Airbnb,56,170
2024-08-28 05:12:09.995013,Retro Rewind Concert,Group Discount,36-45,Male,Car,Airbnb,291,58
2024-08-29 05:12:09.995013,RockNRebel Music Fest,General Admission,26-35,Male,Rideshare,Airbnb,238,79
2024-08-30 05:12:09.995013,ElectroBeat Expo,General Admission,36-45,Female,Rideshare,Stay with Friends/Family,144,205
2024-08-31 05:12:09.995013,Retro Rewind Concert,VIP,Over 55,Non-binary,Car,Hostel,114,215
2024-09-01 05:12:09.995013,Jazz & Jive Weekend,VIP,Under 18,Non-binary,Public Transport,Hostel,281,150
2024-09-02 05:12:09.995013,RockNRebel Music Fest,Group Discount,18-25,Female,Public Transport,Camping,280,110
2024-09-03 05:12:09.995013,Retro Rewind Concert,Backstage Pass,Over 55,Prefer not to say,Bike,Stay with Friends/Family,71,168
2024-09-04 05:12:09.995013,ElectroBeat Expo,Group Discount,18-25,Non-binary,Public Transport,Hotel,210,453
2024-09-05 05:12:09.995013,Jazz & Jive Weekend,VIP,Under 18,Non-binary,Bike,Airbnb,191,169
2024-09-06 05:12:09.995013,Retro Rewind Concert,Backstage Pass,Over 55,Male,Public Transport,Stay with Friends/Family,68,359
2024-09-07 05:12:09.995013,Jazz & Jive Weekend,Group Discount,Under 18,Female,Public Transport,Hotel,95,87
2024-09-08 05:12:09.995013,Cosmic Sound Festival,VIP,Over 55,Prefer not to say,Walk,Hotel,110,59
2024-09-09 05:12:09.995013,RockNRebel Music Fest,General Admission,26-35,Prefer not to say,Bike,Camping,232,310
2024-09-10 05:12:09.995013,Retro Rewind Concert,VIP,26-35,Male,Public Transport,Camping,75,90
2024-09-11 05:12:09.995013,Cosmic Sound Festival,Group Discount,Under 18,Non-binary,Public Transport,Hostel,231,46
2024-09-12 05:12:09.995013,Cosmic Sound Festival,Group Discount,26-35,Female,Car,Hostel,133,94
2024-09-13 05:12:09.995013,Retro Rewind Concert,General Admission,Over 55,Non-binary,Walk,Hotel,138,41
2024-09-14 05:12:09.995013,Retro Rewind Concert,Group Discount,18-25,Female,Bike,Hostel,235,66
2024-09-15 05:12:09.995013,Cosmic Sound Festival,VIP,Under 18,Prefer not to say,Rideshare,Hostel,269,428
2024-09-16 05:12:09.995013,Retro Rewind Concert,General Admission,18-25,Male,Car,Hostel,164,8
2024-09-17 05:12:09.995013,RockNRebel Music Fest,Group Discount,18-25,Prefer not to say,Car,Hostel,237,144
2024-09-18 05:12:09.995013,ElectroBeat Expo,Backstage Pass,26-35,Prefer not to say,Car,Hotel,97,462
2024-09-19 05:12:09.995013,RockNRebel Music Fest,General Admission,26-35,Male,Public Transport,Airbnb,249,207
2024-09-20 05:12:09.995013,ElectroBeat Expo,Group Discount,36-45,Non-binary,Walk,Airbnb,275,142
2024-09-21 05:12:09.995013,Retro Rewind Concert,Backstage Pass,26-35,Female,Car,Camping,87,357
2024-09-22 05:12:09.995013,Cosmic Sound Festival,Backstage Pass,18-25,Male,Rideshare,Airbnb,282,352
2024-09-23 05:12:09.995013,ElectroBeat Expo,VIP,26-35,Male,Rideshare,Camping,224,137
2024-09-24 05:12:09.995013,RockNRebel Music Fest,General Admission,36-45,Prefer not to say,Bike,Hotel,113,436
2024-09-25 05:12:09.995013,Retro Rewind Concert,VIP,26-35,Male,Car,Hotel,94,118
2024-09-26 05:12:09.995013,Jazz & Jive Weekend,General Admission,36-45,Prefer not to say,Car,Camping,222,123
2024-09-27 05:12:09.995013,Jazz & Jive Weekend,Group Discount,26-35,Prefer not to say,Car,Stay with Friends/Family,250,399
2024-09-28 05:12:09.995013,ElectroBeat Expo,Backstage Pass,26-35,Female,Public Transport,Camping,80,346
2024-09-29 05:12:09.995013,RockNRebel Music Fest,General Admission,46-55,Female,Car,Hostel,139,479
2024-09-30 05:12:09.995013,ElectroBeat Expo,VIP,Under 18,Male,Public Transport,Stay with Friends/Family,174,32
2024-10-01 05:12:09.995013,ElectroBeat Expo,Backstage Pass,36-45,Prefer not to say,Rideshare,Hotel,72,92
2024-10-02 05:12:09.995013,ElectroBeat Expo,General Admission,26-35,Prefer not to say,Bike,Hotel,142,177
2024-10-03 05:12:09.995013,ElectroBeat Expo,General Admission,36-45,Prefer not to say,Rideshare,Stay with Friends/Family,181,447
2024-10-04 05:12:09.995013,Retro Rewind Concert,VIP,Over 55,Male,Public Transport,Camping,103,248
2024-10-05 05:12:09.995013,Cosmic Sound Festival,Group Discount,Under 18,Non-binary,Car,Stay with Friends/Family,239,488
2024-10-06 05:12:09.995013,Retro Rewind Concert,Group Discount,18-25,Male,Walk,Camping,299,491
2024-10-07 05:12:09.995013,Cosmic Sound Festival,Group Discount,Over 55,Non-binary,Walk,Hostel,98,285
2024-10-08 05:12:09.995013,Retro Rewind Concert,General Admission,36-45,Female,Bike,Camping,221,55
2024-10-09 05:12:09.995013,ElectroBeat Expo,General Admission,26-35,Prefer not to say,Public Transport,Hotel,179,58
2024-10-10 05:12:09.995013,Retro Rewind Concert,General Admission,26-35,Prefer not to say,Walk,Hostel,56,478
2024-10-11 05:12:09.995013,Retro Rewind Concert,General Admission,18-25,Male,Bike,Hostel,170,262
2024-10-12 05:12:09.995013,ElectroBeat Expo,VIP,36-45,Female,Bike,Hostel,167,205
2024-10-13 05:12:09.995013,Cosmic Sound Festival,General Admission,26-35,Non-binary,Bike,Stay with Friends/Family,251,274
2024-10-14 05:12:09.995013,Jazz & Jive Weekend,Backstage Pass,36-45,Female,Rideshare,Hostel,138,331
2024-10-15 05:12:09.995013,Jazz & Jive Weekend,General Admission,46-55,Non-binary,Rideshare,Camping,200,250
2024-10-16 05:12:09.995013,Retro Rewind Concert,VIP,36-45,Male,Bike,Hotel,81,309
2024-10-17 05:12:09.995013,ElectroBeat Expo,VIP,36-45,Male,Public Transport,Stay with Friends/Family,219,497
2024-10-18 05:12:09.995013,RockNRebel Music Fest,Backstage Pass,46-55,Prefer not to say,Public Transport,Hostel,156,64
2024-10-19 05:12:09.995013,Jazz & Jive Weekend,Backstage Pass,18-25,Prefer not to say,Bike,Hotel,224,100
2024-10-20 05:12:09.995013,Cosmic Sound Festival,VIP,36-45,Male,Rideshare,Hostel,96,488
2024-10-21 05:12:09.995013,Jazz & Jive Weekend,General Admission,36-45,Prefer not to say,Walk,Airbnb,252,333
2024-10-22 05:12:09.995013,ElectroBeat Expo,Group Discount,Under 18,Non-binary,Rideshare,Hostel,147,281
2024-10-23 05:12:09.995013,Cosmic Sound Festival,VIP,26-35,Non-binary,Car,Hotel,113,146
2024-10-24 05:12:09.995013,Cosmic Sound Festival,General Admission,Under 18,Female,Walk,Airbnb,73,30
2024-10-25 05:12:09.995013,ElectroBeat Expo,VIP,26-35,Male,Car,Camping,240,325
2024-10-26 05:12:09.995013,RockNRebel Music Fest,VIP,36-45,Male,Bike,Stay with Friends/Family,177,269
2024-10-27 05:12:09.995013,Jazz & Jive Weekend,General Admission,Under 18,Prefer not to say,Bike,Stay with Friends/Family,274,464
2024-10-28 05:12:09.995013,RockNRebel Music Fest,Group Discount,46-55,Male,Public Transport,Camping,278,387
2024-10-29 05:12:09.995013,RockNRebel Music Fest,Group Discount,Under 18,Male,Walk,Camping,179,397
2024-10-30 05:12:09.995013,Cosmic Sound Festival,Backstage Pass,Over 55,Male,Bike,Stay with Friends/Family,111,188
2024-10-31 05:12:09.995013,Cosmic Sound Festival,Group Discount,46-55,Female,Public Transport,Airbnb,166,322
2024-11-01 05:12:09.995013,ElectroBeat Expo,Group Discount,18-25,Non-binary,Bike,Stay with Friends/Family,260,134
2024-11-02 05:12:09.995013,Retro Rewind Concert,Group Discount,Over 55,Non-binary,Car,Hostel,92,405
2024-11-03 05:12:09.995013,Retro Rewind Concert,Group Discount,26-35,Male,Bike,Hostel,211,353
2024-11-04 05:12:09.995013,ElectroBeat Expo,VIP,36-45,Female,Rideshare,Camping,187,499
2024-11-05 05:12:09.995013,Retro Rewind Concert,General Admission,Under 18,Non-binary,Public Transport,Camping,281,393
2024-11-06 05:12:09.995013,Jazz & Jive Weekend,VIP,Under 18,Female,Car,Camping,94,494
2024-11-07 05:12:09.995013,ElectroBeat Expo,Backstage Pass,Under 18,Male,Bike,Hotel,206,338
2024-11-08 05:12:09.995013,Jazz & Jive Weekend,VIP,46-55,Prefer not to say,Bike,Airbnb,246,109
2024-11-09 05:12:09.995013,ElectroBeat Expo,General Admission,46-55,Prefer not to say,Car,Camping,256,326
2024-11-10 05:12:09.995013,RockNRebel Music Fest,General Admission,36-45,Prefer not to say,Bike,Hotel,277,348
2024-11-11 05:12:09.995013,RockNRebel Music Fest,Backstage Pass,46-55,Non-binary,Rideshare,Camping,120,465
2024-11-12 05:12:09.995013,ElectroBeat Expo,Backstage Pass,Over 55,Female,Walk,Airbnb,203,132
2024-11-13 05:12:09.995013,Jazz & Jive Weekend,Group Discount,26-35,Prefer not to say,Car,Airbnb,106,10
2024-11-14 05:12:09.995013,RockNRebel Music Fest,VIP,Under 18,Male,Public Transport,Hotel,60,68
2024-11-15 05:12:09.995013,RockNRebel Music Fest,Group Discount,18-25,Non-binary,Car,Stay with Friends/Family,218,230
2024-11-16 05:12:09.995013,RockNRebel Music Fest,Backstage Pass,18-25,Non-binary,Rideshare,Airbnb,101,211
2024-11-17 05:12:09.995013,Jazz & Jive Weekend,VIP,46-55,Male,Public Transport,Airbnb,215,492
2024-11-18 05:12:09.995013,Cosmic Sound Festival,Backstage Pass,18-25,Prefer not to say,Walk,Camping,271,312
2024-11-19 05:12:09.995013,Retro Rewind Concert,Backstage Pass,Under 18,Male,Rideshare,Camping,113,17
2024-11-20 05:12:09.995013,Jazz & Jive Weekend,VIP,Over 55,Non-binary,Car,Hostel,99,83
2024-11-21 05:12:09.995013,Cosmic Sound Festival,General Admission,18-25,Male,Bike,Camping,129,464
2024-11-22 05:12:09.995013,Retro Rewind Concert,Group Discount,26-35,Female,Bike,Hotel,199,407
2024-11-23 05:12:09.995013,RockNRebel Music Fest,Group Discount,46-55,Prefer not to say,Bike,Stay with Friends/Family,70,497
2024-11-24 05:12:09.995013,RockNRebel Music Fest,VIP,Under 18,Male,Public Transport,Hostel,264,357
2024-11-25 05:12:09.995013,Retro Rewind Concert,General Admission,26-35,Prefer not to say,Walk,Hotel,96,7
2024-11-26 05:12:09.995013,ElectroBeat Expo,General Admission,Under 18,Female,Car,Hostel,52,235
2024-11-27 05:12:09.995013,Jazz & Jive Weekend,Group Discount,Under 18,Prefer not to say,Public Transport,Camping,208,363
2024-11-28 05:12:09.995013,Jazz & Jive Weekend,General Admission,18-25,Female,Rideshare,Hotel,216,123
2024-11-29 05:12:09.995013,RockNRebel Music Fest,General Admission,36-45,Non-binary,Rideshare,Hotel,289,465
2024-11-30 05:12:09.995013,Retro Rewind Concert,VIP,36-45,Female,Bike,Hotel,176,1
2024-12-01 05:12:09.995013,Retro Rewind Concert,General Admission,Over 55,Non-binary,Walk,Camping,147,31
2024-12-02 05:12:09.995013,RockNRebel Music Fest,Backstage Pass,26-35,Prefer not to say,Walk,Airbnb,221,165
2024-12-03 05:12:09.995013,ElectroBeat Expo,VIP,Over 55,Prefer not to say,Bike,Hotel,56,168
2024-12-04 05:12:09.995013,ElectroBeat Expo,VIP,46-55,Female,Car,Camping,64,111
2024-12-05 05:12:09.995013,Cosmic Sound Festival,Backstage Pass,26-35,Prefer not to say,Car,Airbnb,171,290
2024-12-06 05:12:09.995013,ElectroBeat Expo,VIP,18-25,Male,Walk,Airbnb,148,342
2024-12-07 05:12:09.995013,Cosmic Sound Festival,General Admission,26-35,Prefer not to say,Rideshare,Airbnb,283,71
2024-12-08 05:12:09.995013,Jazz & Jive Weekend,Group Discount,36-45,Prefer not to say,Bike,Camping,262,335
2024-12-09 05:12:09.995013,Jazz & Jive Weekend,VIP,Over 55,Female,Car,Camping,78,437
2024-12-10 05:12:09.995013,Cosmic Sound Festival,VIP,26-35,Male,Car,Airbnb,282,302
2024-12-11 05:12:09.995013,Retro Rewind Concert,VIP,18-25,Prefer not to say,Bike,Hostel,243,245
2024-12-12 05:12:09.995013,Jazz & Jive Weekend,Group Discount,Under 18,Non-binary,Rideshare,Camping,297,137
2024-12-13 05:12:09.995013,Retro Rewind Concert,General Admission,Over 55,Female,Bike,Airbnb,276,371
2024-12-14 05:12:09.995013,RockNRebel Music Fest,VIP,46-55,Female,Rideshare,Hostel,250,17
2024-12-15 05:12:09.995013,Retro Rewind Concert,Backstage Pass,Under 18,Female,Car,Hotel,172,432
2024-12-16 05:12:09.995013,ElectroBeat Expo,General Admission,18-25,Female,Walk,Stay with Friends/Family,162,12
2024-12-17 05:12:09.995013,Cosmic Sound Festival,VIP,18-25,Male,Rideshare,Hotel,140,165
2024-12-18 05:12:09.995013,RockNRebel Music Fest,Group Discount,46-55,Male,Public Transport,Hostel,57,15
2024-12-19 05:12:09.995013,RockNRebel Music Fest,Backstage Pass,26-35,Non-binary,Rideshare,Hostel,67,485
2024-12-20 05:12:09.995013,Cosmic Sound Festival,Backstage Pass,26-35,Prefer not to say,Public Transport,Hotel,96,52
2024-12-21 05:12:09.995013,Retro Rewind Concert,Group Discount,18-25,Prefer not to say,Bike,Camping,265,421
2024-12-22 05:12:09.995013,Cosmic Sound Festival,Group Discount,36-45,Male,Walk,Hostel,233,36
2024-12-23 05:12:09.995013,RockNRebel Music Fest,General Admission,18-25,Female,Bike,Stay with Friends/Family,62,197
2024-12-24 05:12:09.995013,RockNRebel Music Fest,General Admission,18-25,Prefer not to say,Public Transport,Stay with Friends/Family,156,66
2024-12-25 05:12:09.995013,Jazz & Jive Weekend,Group Discount,36-45,Prefer not to say,Public Transport,Hotel,213,15
2024-12-26 05:12:09.995013,Retro Rewind Concert,Backstage Pass,Under 18,Male,Rideshare,Stay with Friends/Family,245,18
2024-12-27 05:12:09.995013,RockNRebel Music Fest,Backstage Pass,36-45,Male,Walk,Airbnb,219,197
2024-12-28 05:12:09.995013,ElectroBeat Expo,VIP,36-45,Male,Bike,Airbnb,122,88
2024-12-29 05:12:09.995013,Jazz & Jive Weekend,Group Discount,18-25,Prefer not to say,Public Transport,Stay with Friends/Family,101,399
2024-12-30 05:12:09.995013,Jazz & Jive Weekend,Group Discount,Over 55,Male,Bike,Hostel,205,386
2024-12-31 05:12:09.995013,Jazz & Jive Weekend,VIP,18-25,Female,Car,Camping,160,53
2025-01-01 05:12:09.995013,Retro Rewind Concert,Group Discount,Under 18,Male,Public Transport,Hotel,134,169
2025-01-02 05:12:09.995013,ElectroBeat Expo,Group Discount,18-25,Male,Car,Stay with Friends/Family,149,456
2025-01-03 05:12:09.995013,ElectroBeat Expo,VIP,Under 18,Non-binary,Car,Stay with Friends/Family,208,380
2025-01-04 05:12:09.995013,ElectroBeat Expo,Group Discount,26-35,Male,Public Transport,Hotel,169,439
2025-01-05 05:12:09.995013,RockNRebel Music Fest,General Admission,Under 18,Prefer not to say,Rideshare,Stay with Friends/Family,213,443
2025-01-06 05:12:09.995013,ElectroBeat Expo,Group Discount,Under 18,Non-binary,Public Transport,Hostel,224,8
2025-01-07 05:12:09.995013,Jazz & Jive Weekend,VIP,18-25,Male,Car,Stay with Friends/Family,267,321
2025-01-08 05:12:09.995013,Jazz & Jive Weekend,General Admission,46-55,Non-binary,Walk,Stay with Friends/Family,61,118
2025-01-09 05:12:09.995013,ElectroBeat Expo,Backstage Pass,Over 55,Prefer not to say,Rideshare,Hostel,210,268
2025-01-10 05:12:09.995013,ElectroBeat Expo,Backstage Pass,18-25,Male,Car,Hostel,185,254
2025-01-11 05:12:09.995013,Cosmic Sound Festival,General Admission,46-55,Non-binary,Public Transport,Hostel,156,496
2025-01-12 05:12:09.995013,ElectroBeat Expo,General Admission,18-25,Prefer not to say,Car,Camping,54,398
2025-01-13 05:12:09.995013,Retro Rewind Concert,VIP,46-55,Prefer not to say,Car,Camping,297,85
2025-01-14 05:12:09.995013,RockNRebel Music Fest,VIP,46-55,Prefer not to say,Walk,Hotel,81,344
2025-01-15 05:12:09.995013,ElectroBeat Expo,Group Discount,18-25,Female,Rideshare,Stay with Friends/Family,286,414
2025-01-16 05:12:09.995013,Cosmic Sound Festival,General Admission,36-45,Prefer not to say,Rideshare,Camping,269,436
2025-01-17 05:12:09.995013,Retro Rewind Concert,Group Discount,36-45,Prefer not to say,Walk,Hostel,127,211
2025-01-18 05:12:09.995013,Jazz & Jive Weekend,Backstage Pass,26-35,Male,Rideshare,Airbnb,197,473
2025-01-19 05:12:09.995013,RockNRebel Music Fest,Group Discount,26-35,Prefer not to say,Bike,Hotel,91,426
2025-01-20 05:12:09.995013,Cosmic Sound Festival,Group Discount,26-35,Male,Walk,Airbnb,230,70
2025-01-21 05:12:09.995013,Cosmic Sound Festival,Group Discount,46-55,Non-binary,Bike,Hotel,87,9
2025-01-22 05:12:09.995013,ElectroBeat Expo,Backstage Pass,36-45,Prefer not to say,Car,Camping,176,484
2025-01-23 05:12:09.995013,Jazz & Jive Weekend,General Admission,46-55,Non-binary,Walk,Camping,220,497
2025-01-24 05:12:09.995013,Retro Rewind Concert,Group Discount,26-35,Male,Walk,Stay with Friends/Family,198,357
2025-01-25 05:12:09.995013,Jazz & Jive Weekend,Backstage Pass,36-45,Male,Walk,Airbnb,153,188
2025-01-26 05:12:09.995013,Cosmic Sound Festival,Backstage Pass,46-55,Non-binary,Rideshare,Camping,266,499
2025-01-27 05:12:09.995013,Jazz & Jive Weekend,Backstage Pass,Over 55,Non-binary,Bike,Airbnb,273,299
2025-01-28 05:12:09.995013,Retro Rewind Concert,Backstage Pass,46-55,Prefer not to say,Car,Camping,132,436
2025-01-29 05:12:09.995013,Cosmic Sound Festival,Group Discount,36-45,Prefer not to say,Rideshare,Hostel,193,460
2025-01-30 05:12:09.995013,Retro Rewind Concert,General Admission,Under 18,Female,Public Transport,Hostel,221,234
2025-01-31 05:12:09.995013,Retro Rewind Concert,Backstage Pass,18-25,Male,Rideshare,Camping,161,69
2025-02-01 05:12:09.995013,ElectroBeat Expo,VIP,26-35,Non-binary,Car,Hotel,218,138
2025-02-02 05:12:09.995013,Cosmic Sound Festival,VIP,Under 18,Prefer not to say,Bike,Hostel,256,53
2025-02-03 05:12:09.995013,ElectroBeat Expo,VIP,Under 18,Female,Public Transport,Hostel,232,369
2025-02-04 05:12:09.995013,Retro Rewind Concert,Group Discount,46-55,Male,Walk,Camping,245,260
2025-02-05 05:12:09.995013,Jazz & Jive Weekend,Backstage Pass,Over 55,Female,Public Transport,Camping,160,348
2025-02-06 05:12:09.995013,RockNRebel Music Fest,Group Discount,Under 18,Male,Walk,Hotel,135,477
2025-02-07 05:12:09.995013,ElectroBeat Expo,VIP,46-55,Male,Bike,Camping,215,129
2025-02-08 05:12:09.995013,Retro Rewind Concert,VIP,26-35,Male,Walk,Airbnb,66,386
2025-02-09 05:12:09.995013,Cosmic Sound Festival,General Admission,18-25,Male,Car,Camping,225,293
2025-02-10 05:12:09.995013,RockNRebel Music Fest,VIP,26-35,Female,Car,Stay with Friends/Family,61,90
2025-02-11 05:12:09.995013,Jazz & Jive Weekend,General Admission,18-25,Non-binary,Public Transport,Airbnb,132,2
2025-02-12 05:12:09.995013,Jazz & Jive Weekend,Backstage Pass,26-35,Prefer not to say,Public Transport,Hostel,114,490
2025-02-13 05:12:09.995013,Jazz & Jive Weekend,Backstage Pass,36-45,Non-binary,Rideshare,Hostel,127,476
2025-02-14 05:12:09.995013,Jazz & Jive Weekend,Backstage Pass,Under 18,Prefer not to say,Car,Stay with Friends/Family,249,76
2025-02-15 05:12:09.995013,ElectroBeat Expo,VIP,Over 55,Female,Bike,Stay with Friends/Family,88,170
2025-02-16 05:12:09.995013,RockNRebel Music Fest,Backstage Pass,Under 18,Non-binary,Car,Camping,66,476
2025-02-17 05:12:09.995013,Retro Rewind Concert,Backstage Pass,Under 18,Non-binary,Walk,Hotel,62,300
2025-02-18 05:12:09.995013,Cosmic Sound Festival,Backstage Pass,Under 18,Male,Public Transport,Airbnb,69,452
2025-02-19 05:12:09.995013,ElectroBeat Expo,VIP,Under 18,Prefer not to say,Rideshare,Camping,153,337
2025-02-20 05:12:09.995013,RockNRebel Music Fest,General Admission,36-45,Male,Car,Hotel,265,140
2025-02-21 05:12:09.995013,Jazz & Jive Weekend,Backstage Pass,46-55,Prefer not to say,Walk,Hostel,185,141
2025-02-22 05:12:09.995013,Jazz & Jive Weekend,VIP,36-45,Female,Car,Hostel,173,318
2025-02-23 05:12:09.995013,ElectroBeat Expo,General Admission,Over 55,Female,Bike,Hostel,133,330
2025-02-24 05:12:09.995013,ElectroBeat Expo,Group Discount,36-45,Female,Walk,Airbnb,285,284
2025-02-25 05:12:09.995013,Cosmic Sound Festival,VIP,Under 18,Male,Public Transport,Airbnb,147,472
2025-02-26 05:12:09.995013,RockNRebel Music Fest,Group Discount,26-35,Prefer not to say,Public Transport,Camping,139,459
2025-02-27 05:12:09.995013,RockNRebel Music Fest,Group Discount,Over 55,Prefer not to say,Car,Hostel,137,108
2025-02-28 05:12:09.995013,Jazz & Jive Weekend,VIP,Under 18,Female,Rideshare,Hostel,93,22
2025-03-01 05:12:09.995013,Jazz & Jive Weekend,VIP,18-25,Prefer not to say,Car,Camping,140,150
2025-03-02 05:12:09.995013,RockNRebel Music Fest,General Admission,18-25,Female,Walk,Hotel,50,83
2025-03-03 05:12:09.995013,ElectroBeat Expo,Group Discount,46-55,Non-binary,Car,Camping,109,450
2025-03-04 05:12:09.995013,RockNRebel Music Fest,Backstage Pass,Over 55,Male,Rideshare,Hostel,218,92
2025-03-05 05:12:09.995013,Jazz & Jive Weekend,VIP,Over 55,Male,Car,Airbnb,224,283
2025-03-06 05:12:09.995013,ElectroBeat Expo,VIP,Under 18,Prefer not to say,Walk,Stay with Friends/Family,135,15
2025-03-07 05:12:09.995013,Jazz & Jive Weekend,VIP,26-35,Female,Car,Hotel,181,359
2025-03-08 05:12:09.995013,Retro Rewind Concert,General Admission,26-35,Prefer not to say,Walk,Airbnb,54,113
2025-03-09 05:12:09.995013,Retro Rewind Concert,Group Discount,Under 18,Female,Rideshare,Camping,122,438
2025-03-10 05:12:09.995013,RockNRebel Music Fest,General Admission,Under 18,Male,Public Transport,Airbnb,197,374
2025-03-11 05:12:09.995013,Retro Rewind Concert,Backstage Pass,36-45,Female,Rideshare,Airbnb,236,148
2025-03-12 05:12:09.995013,Jazz & Jive Weekend,General Admission,Under 18,Male,Public Transport,Hostel,126,231
2025-03-13 05:12:09.995013,ElectroBeat Expo,General Admission,46-55,Male,Car,Stay with Friends/Family,212,363
2025-03-14 05:12:09.995013,Retro Rewind Concert,Group Discount,Over 55,Female,Public Transport,Hostel,104,480
2025-03-15 05:12:09.995013,RockNRebel Music Fest,VIP,46-55,Prefer not to say,Public Transport,Hostel,229,123
2025-03-16 05:12:09.995013,Cosmic Sound Festival,General Admission,18-25,Non-binary,Car,Camping,181,278
2025-03-17 05:12:09.995013,Jazz & Jive Weekend,VIP,Under 18,Male,Public Transport,Stay with Friends/Family,69,131
2025-03-18 05:12:09.995013,Cosmic Sound Festival,VIP,46-55,Prefer not to say,Walk,Stay with Friends/Family,70,482
2025-03-19 05:12:09.995013,RockNRebel Music Fest,Backstage Pass,26-35,Female,Bike,Hotel,235,210
2025-03-20 05:12:09.995013,Cosmic Sound Festival,General Admission,18-25,Female,Walk,Camping,287,68
2025-03-21 05:12:09.995013,Retro Rewind Concert,Backstage Pass,46-55,Non-binary,Car,Airbnb,51,374
2025-03-22 05:12:09.995013,ElectroBeat Expo,VIP,46-55,Female,Bike,Camping,241,230
2025-03-23 05:12:09.995013,ElectroBeat Expo,VIP,26-35,Prefer not to say,Public Transport,Stay with Friends/Family,227,15
2025-03-24 05:12:09.995013,Retro Rewind Concert,VIP,Over 55,Female,Car,Hotel,168,202
2025-03-25 05:12:09.995013,RockNRebel Music Fest,General Admission,36-45,Non-binary,Car,Camping,99,325
2025-03-26 05:12:09.995013,ElectroBeat Expo,VIP,26-35,Non-binary,Public Transport,Camping,57,54
2025-03-27 05:12:09.995013,Cosmic Sound Festival,Group Discount,Under 18,Non-binary,Walk,Hostel,294,406
2025-03-28 05:12:09.995013,Jazz & Jive Weekend,VIP,18-25,Male,Public Transport,Hotel,196,82
2025-03-29 05:12:09.995013,Jazz & Jive Weekend,Backstage Pass,Over 55,Male,Walk,Hostel,291,429
2025-03-30 05:12:09.995013,Retro Rewind Concert,VIP,18-25,Male,Public Transport,Hotel,166,252
2025-03-31 05:12:09.995013,Jazz & Jive Weekend,VIP,18-25,Female,Rideshare,Stay with Friends/Family,296,286
2025-04-01 05:12:09.995013,RockNRebel Music Fest,VIP,26-35,Male,Rideshare,Airbnb,128,246
2025-04-02 05:12:09.995013,RockNRebel Music Fest,Group Discount,18-25,Female,Rideshare,Hotel,277,48
2025-04-03 05:12:09.995013,Retro Rewind Concert,Group Discount,Over 55,Prefer not to say,Car,Airbnb,171,269
2025-04-04 05:12:09.995013,Cosmic Sound Festival,Group Discount,Over 55,Non-binary,Public Transport,Airbnb,103,271
2025-04-05 05:12:09.995013,Cosmic Sound Festival,VIP,36-45,Female,Rideshare,Stay with Friends/Family,276,215
2025-04-06 05:12:09.995013,RockNRebel Music Fest,Group Discount,Under 18,Non-binary,Car,Camping,219,482
2025-04-07 05:12:09.995013,RockNRebel Music Fest,VIP,36-45,Prefer not to say,Public Transport,Airbnb,167,134
2025-04-08 05:12:09.995013,RockNRebel Music Fest,Group Discount,18-25,Female,Rideshare,Hotel,269,164
2025-04-09 05:12:09.995013,Cosmic Sound Festival,VIP,26-35,Prefer not to say,Car,Airbnb,97,424
2025-04-10 05:12:09.995013,Retro Rewind Concert,Backstage Pass,36-45,Female,Walk,Airbnb,69,3
2025-04-11 05:12:09.995013,Cosmic Sound Festival,VIP,26-35,Female,Walk,Stay with Friends/Family,79,313
2025-04-12 05:12:09.995013,RockNRebel Music Fest,Group Discount,36-45,Non-binary,Rideshare,Stay with Friends/Family,201,404
2025-04-13 05:12:09.995013,ElectroBeat Expo,VIP,46-55,Male,Walk,Airbnb,68,218
2025-04-14 05:12:09.995013,Retro Rewind Concert,VIP,18-25,Non-binary,Public Transport,Camping,194,62
2025-04-15 05:12:09.995013,RockNRebel Music Fest,Backstage Pass,Over 55,Male,Bike,Airbnb,86,317
2025-04-16 05:12:09.995013,ElectroBeat Expo,General Admission,26-35,Prefer not to say,Bike,Hostel,174,244
2025-04-17 05:12:09.995013,ElectroBeat Expo,Backstage Pass,26-35,Female,Walk,Stay with Friends/Family,137,240
2025-04-18 05:12:09.995013,ElectroBeat Expo,VIP,18-25,Prefer not to say,Car,Hotel,188,143
2025-04-19 05:12:09.995013,Jazz & Jive Weekend,VIP,Over 55,Prefer not to say,Rideshare,Airbnb,117,221
2025-04-20 05:12:09.995013,Cosmic Sound Festival,Group Discount,36-45,Female,Rideshare,Hostel,57,210
2025-04-21 05:12:09.995013,RockNRebel Music Fest,VIP,Over 55,Prefer not to say,Public Transport,Hotel,190,486
2025-04-22 05:12:09.995013,Jazz & Jive Weekend,VIP,36-45,Male,Public Transport,Hostel,254,243
2025-04-23 05:12:09.995013,Cosmic Sound Festival,General Admission,Over 55,Non-binary,Car,Hostel,140,102
2025-04-24 05:12:09.995013,ElectroBeat Expo,Group Discount,46-55,Male,Walk,Camping,70,449
2025-04-25 05:12:09.995013,Jazz & Jive Weekend,Backstage Pass,18-25,Non-binary,Rideshare,Camping,166,427
2025-04-26 05:12:09.995013,Retro Rewind Concert,VIP,Over 55,Female,Walk,Airbnb,58,171
2025-04-27 05:12:09.995013,Jazz & Jive Weekend,Group Discount,Under 18,Female,Rideshare,Hostel,77,287
2025-04-28 05:12:09.995013,Jazz & Jive Weekend,VIP,36-45,Non-binary,Rideshare,Stay with Friends/Family,252,388
2025-04-29 05:12:09.995013,Cosmic Sound Festival,Backstage Pass,36-45,Prefer not to say,Rideshare,Airbnb,149,177
2025-04-30 05:12:09.995013,RockNRebel Music Fest,General Admission,Over 55,Male,Car,Hotel,55,322
2025-05-01 05:12:09.995013,Cosmic Sound Festival,General Admission,Over 55,Non-binary,Public Transport,Airbnb,245,175
2025-05-02 05:12:09.995013,Retro Rewind Concert,General Admission,Over 55,Female,Car,Hotel,191,394
2025-05-03 05:12:09.995013,Retro Rewind Concert,VIP,26-35,Male,Rideshare,Airbnb,217,271
2025-05-04 05:12:09.995013,Retro Rewind Concert,General Admission,26-35,Non-binary,Bike,Airbnb,194,122
2025-05-05 05:12:09.995013,Cosmic Sound Festival,General Admission,18-25,Male,Bike,Hotel,120,379
2025-05-06 05:12:09.995013,Cosmic Sound Festival,Backstage Pass,Under 18,Female,Car,Hotel,251,190
2025-05-07 05:12:09.995013,ElectroBeat Expo,VIP,18-25,Prefer not to say,Walk,Hotel,115,187
2025-05-08 05:12:09.995013,Jazz & Jive Weekend,Backstage Pass,26-35,Male,Car,Camping,214,454
2025-05-09 05:12:09.995013,Cosmic Sound Festival,Group Discount,26-35,Male,Rideshare,Hostel,221,250
2025-05-10 05:12:09.995013,ElectroBeat Expo,VIP,Under 18,Male,Bike,Hotel,285,190
2025-05-11 05:12:09.995013,Retro Rewind Concert,Backstage Pass,Over 55,Non-binary,Car,Airbnb,221,91
