Artist Name,Genre,Stage Location,Expected Audience Size,Actual Audience Size,Audience Engagement Score,Performance Duration,Setup Time,Tear Down Time,DateTime
The Algorithmics,Electronic,VIP Lounge,3649,8492,5,85,50,29,04/13/2022 12:56:06 AM
Bit Rate,Rock,DJ Tent,5370,3761,8,78,46,20,04/13/2022 07:18:14 AM
Neural Nets,Hip Hop,VIP Lounge,3120,5701,7,58,37,53,04/14/2022 09:29:07 AM
Parallel Processors,Electronic,Main Stage,5046,8428,3,57,43,23,04/16/2022 06:53:02 AM
Segmentation Fault,Electronic,Indie Arena,3486,7501,4,53,15,21,04/16/2022 12:36:13 PM
The Data Wranglers,Electronic,Indie Arena,6134,1969,2,107,54,20,04/18/2022 04:39:22 AM
Recursive Rhythms,Electronic,VIP Lounge,6781,1543,7,55,27,48,04/18/2022 05:59:53 PM
Syntax Error,Hip Hop,Main Stage,3175,7858,4,30,34,19,04/19/2022 07:25:45 AM
The Query Strings,Indie,Indie Arena,7338,1166,8,44,59,39,04/21/2022 02:27:38 AM
Cache Miss,Electronic,VIP Lounge,137,7603,7,43,47,25,04/21/2022 11:22:39 PM
Cache Miss,Hip Hop,DJ Tent,2205,9152,1,78,49,43,04/22/2022 07:10:31 PM
Infinite Loop,Hip Hop,VIP Lounge,3586,5644,3,70,37,45,04/24/2022 02:20:14 AM
Hello World,Electronic,Main Stage,8040,227,9,32,22,47,04/24/2022 09:08:36 PM
Bit Rate,Jazz,Indie Arena,7325,7280,8,36,35,19,04/26/2022 04:38:03 AM
Bit Rate,Rock,VIP Lounge,4756,1936,3,36,29,53,04/26/2022 08:09:34 PM
The Algorithmics,Rock,VIP Lounge,6578,7894,1,54,35,23,04/27/2022 06:02:42 PM
The Data Wranglers,Hip Hop,DJ Tent,2356,4806,9,84,45,44,04/28/2022 11:15:57 AM
The Data Wranglers,Electronic,Indie Arena,5304,3107,2,61,50,21,04/29/2022 10:24:31 PM
Cluster Funk,Hip Hop,DJ Tent,6819,2069,4,46,52,26,04/30/2022 04:52:10 PM
Infinite Loop,Indie,Main Stage,7056,4161,3,93,49,44,05/01/2022 05:06:30 PM
The Query Strings,Hip Hop,Main Stage,1477,3198,4,46,20,40,05/03/2022 06:59:09 AM
Epsilon Greedy,Electronic,Indie Arena,5135,6999,1,89,35,26,05/03/2022 08:43:40 PM
Recursive Rhythms,Electronic,VIP Lounge,8335,2703,9,91,21,58,05/05/2022 02:37:39 AM
Cluster Funk,Rock,VIP Lounge,848,7055,3,91,53,34,05/06/2022 04:04:37 AM
Syntax Error,Hip Hop,Indie Arena,2877,1856,1,119,52,18,05/06/2022 12:06:33 PM
Neural Nets,Jazz,Indie Arena,3602,4871,5,58,16,39,05/07/2022 12:01:09 PM
The Query Strings,Electronic,VIP Lounge,7198,9585,2,85,47,16,05/08/2022 06:26:18 PM
Parallel Processors,Electronic,Indie Arena,8937,8914,3,109,45,28,05/09/2022 08:05:53 PM
Bit Rate,Electronic,DJ Tent,1732,4471,3,50,36,16,05/11/2022 12:22:41 AM
Segmentation Fault,Electronic,Main Stage,2898,8515,3,40,22,37,05/11/2022 11:21:26 PM
Bit Rate,Hip Hop,Indie Arena,1340,8436,4,50,35,43,05/13/2022 01:47:52 AM
Parallel Processors,Indie,Indie Arena,2802,2683,9,115,43,39,05/13/2022 03:29:03 PM
Bit Rate,Indie,Indie Arena,3675,5741,2,99,15,46,05/15/2022 06:54:15 AM
The Data Wranglers,Jazz,Indie Arena,5041,9708,5,70,36,56,05/16/2022 04:03:19 AM
Random Forest,Jazz,DJ Tent,9847,8614,1,67,39,36,05/17/2022 04:56:55 AM
Random Forest,Electronic,DJ Tent,821,6242,3,79,16,26,05/17/2022 10:49:38 PM
Random Forest,Jazz,VIP Lounge,6905,4512,2,64,33,31,05/19/2022 01:06:40 AM
Segmentation Fault,Rock,Indie Arena,3942,2317,9,85,36,20,05/19/2022 08:00:08 AM
Neural Nets,Jazz,DJ Tent,224,2989,9,99,26,41,05/20/2022 10:55:21 PM
The Data Wranglers,Rock,Indie Arena,9188,5078,7,89,51,38,05/21/2022 08:55:28 PM
Bit Rate,Rock,VIP Lounge,2506,7081,5,98,44,50,05/22/2022 10:33:27 PM
Parallel Processors,Hip Hop,VIP Lounge,4292,9126,9,82,32,35,05/23/2022 04:12:45 PM
Epsilon Greedy,Electronic,VIP Lounge,8044,6597,4,48,18,26,05/25/2022 12:43:48 AM
Neural Nets,Jazz,Indie Arena,7836,9059,8,119,17,52,05/26/2022 03:21:10 AM
Cluster Funk,Electronic,Main Stage,1260,6017,3,84,33,18,05/26/2022 03:21:09 PM
Byte Beat,Hip Hop,Indie Arena,970,8272,2,97,30,25,05/27/2022 11:20:30 PM
Segmentation Fault,Indie,VIP Lounge,7363,761,5,72,42,28,05/28/2022 10:12:38 PM
Segmentation Fault,Electronic,Indie Arena,9871,628,4,30,59,54,05/29/2022 01:20:40 PM
The Query Strings,Jazz,Main Stage,204,4646,5,112,19,54,05/30/2022 02:08:44 PM
Recursive Rhythms,Electronic,Indie Arena,2679,9593,7,52,16,53,06/01/2022 06:48:32 AM
Random Forest,Hip Hop,DJ Tent,9320,8019,9,43,39,47,06/01/2022 12:46:57 PM
Random Forest,Jazz,VIP Lounge,436,3084,8,62,54,54,06/02/2022 12:36:09 PM
Cache Miss,Electronic,DJ Tent,6367,9329,1,52,46,19,06/03/2022 11:26:34 PM
The Query Strings,Hip Hop,VIP Lounge,4658,6596,4,100,38,18,06/05/2022 03:19:54 AM
The Data Wranglers,Electronic,Indie Arena,6762,3858,5,93,21,32,06/05/2022 01:48:13 PM
Hello World,Jazz,Main Stage,6507,8004,5,95,42,20,06/06/2022 11:41:19 PM
Epsilon Greedy,Rock,Main Stage,3791,6284,6,100,47,23,06/08/2022 01:16:56 AM
Byte Beat,Hip Hop,DJ Tent,611,4052,9,114,53,32,06/09/2022 06:12:20 AM
Hello World,Rock,Indie Arena,4608,1394,5,54,51,39,06/09/2022 08:43:05 AM
Cache Miss,Rock,DJ Tent,1403,8492,1,67,41,32,06/11/2022 06:36:04 AM
Syntax Error,Jazz,Main Stage,3026,1945,3,62,35,54,06/12/2022 06:11:59 AM
Syntax Error,Jazz,Main Stage,7203,6547,1,57,38,44,06/12/2022 01:45:32 PM
The Algorithmics,Jazz,VIP Lounge,8603,7266,3,51,33,52,06/13/2022 08:16:22 PM
Cache Miss,Rock,Main Stage,9200,6438,2,63,33,55,06/14/2022 11:53:53 PM
Recursive Rhythms,Jazz,Main Stage,8364,7433,7,62,32,32,06/15/2022 07:51:47 AM
The Query Strings,Rock,VIP Lounge,8516,9366,6,63,57,46,06/17/2022 03:38:44 AM
The Algorithmics,Rock,DJ Tent,8712,5182,2,88,59,31,06/17/2022 11:55:00 PM
Infinite Loop,Jazz,DJ Tent,6921,8304,3,85,22,52,06/19/2022 06:39:57 AM
Neural Nets,Indie,Main Stage,6450,9598,4,58,19,38,06/19/2022 08:16:53 PM
Byte Beat,Hip Hop,VIP Lounge,1471,7233,8,53,24,59,06/20/2022 09:52:44 PM
Segmentation Fault,Rock,Indie Arena,6522,8463,6,46,58,22,06/21/2022 02:25:50 PM
Hello World,Electronic,VIP Lounge,6963,2292,2,93,31,15,06/23/2022 06:09:41 AM
The Data Wranglers,Electronic,VIP Lounge,3584,1486,2,107,34,46,06/23/2022 10:30:48 PM
The Algorithmics,Hip Hop,VIP Lounge,7029,2655,5,82,28,44,06/24/2022 07:43:38 AM
Epsilon Greedy,Rock,DJ Tent,5572,8559,4,68,38,17,06/25/2022 11:59:19 PM
Hello World,Rock,Indie Arena,8671,3699,1,81,17,24,06/26/2022 03:19:26 PM
Epsilon Greedy,Indie,Main Stage,1784,842,2,103,31,21,06/27/2022 09:35:54 AM
Cluster Funk,Indie,Indie Arena,7660,195,9,100,16,52,06/28/2022 11:25:34 PM
Epsilon Greedy,Hip Hop,DJ Tent,8494,9426,8,33,59,23,06/30/2022 05:00:29 AM
Segmentation Fault,Rock,Main Stage,6217,2261,3,32,46,59,07/01/2022 12:39:54 AM
Byte Beat,Indie,Indie Arena,8525,7957,8,70,57,58,07/01/2022 08:05:57 AM
Byte Beat,Hip Hop,DJ Tent,3420,4464,8,87,31,48,07/03/2022 03:33:00 AM
Hello World,Electronic,VIP Lounge,5594,1397,8,77,59,57,07/03/2022 05:37:27 PM
Epsilon Greedy,Jazz,Indie Arena,8426,2855,7,38,49,48,07/04/2022 01:56:05 PM
Segmentation Fault,Rock,Main Stage,3553,5233,5,91,21,51,07/05/2022 02:28:07 PM
The Query Strings,Jazz,Indie Arena,2644,2145,8,39,17,24,07/06/2022 06:07:06 PM
Cache Miss,Electronic,Indie Arena,5448,9123,7,110,37,32,07/07/2022 11:02:18 PM
The Algorithmics,Indie,DJ Tent,593,4506,4,94,38,43,07/08/2022 09:30:36 PM
Byte Beat,Jazz,Main Stage,4397,421,5,84,18,31,07/09/2022 04:41:59 PM
Cache Miss,Hip Hop,VIP Lounge,5029,8167,1,111,44,46,07/10/2022 11:04:49 AM
Cache Miss,Hip Hop,VIP Lounge,470,6028,2,66,15,21,07/11/2022 10:15:22 AM
The Algorithmics,Hip Hop,Main Stage,5427,5675,5,73,45,20,07/12/2022 09:48:50 PM
Segmentation Fault,Rock,VIP Lounge,5902,1897,7,83,56,17,07/13/2022 01:31:33 PM
Cache Miss,Jazz,Indie Arena,1175,1660,8,75,39,48,07/15/2022 01:35:34 AM
Epsilon Greedy,Hip Hop,Indie Arena,6484,4960,6,79,38,22,07/15/2022 07:14:39 PM
The Query Strings,Indie,Main Stage,9684,8992,7,69,39,21,07/16/2022 06:09:44 PM
Cluster Funk,Rock,VIP Lounge,2237,608,6,73,57,31,07/17/2022 11:00:14 PM
Neural Nets,Electronic,VIP Lounge,3239,2753,4,73,16,55,07/19/2022 12:05:51 AM
The Data Wranglers,Jazz,Indie Arena,3640,624,4,69,41,30,07/19/2022 11:55:14 AM
Parallel Processors,Electronic,Indie Arena,8832,4155,1,82,46,16,07/20/2022 09:42:30 AM
Syntax Error,Rock,VIP Lounge,2145,2735,9,38,29,30,07/22/2022 01:55:58 AM
Cluster Funk,Electronic,VIP Lounge,2536,9512,3,84,58,17,07/22/2022 11:27:04 AM
Epsilon Greedy,Indie,Main Stage,1004,8465,9,49,36,43,07/23/2022 07:25:07 AM
Parallel Processors,Hip Hop,VIP Lounge,3489,2438,2,115,42,49,07/25/2022 05:20:27 AM
Recursive Rhythms,Jazz,DJ Tent,6504,6655,4,81,26,34,07/25/2022 09:07:49 PM
Parallel Processors,Indie,DJ Tent,7883,7464,8,36,47,40,07/26/2022 08:06:51 AM
Cache Miss,Indie,Main Stage,7171,9330,7,93,57,55,07/27/2022 03:10:10 PM
Hello World,Rock,Indie Arena,2397,1004,2,82,35,35,07/29/2022 06:34:51 AM
Recursive Rhythms,Electronic,VIP Lounge,3111,9084,5,88,47,20,07/30/2022 12:18:11 AM
The Algorithmics,Indie,VIP Lounge,1658,3102,9,47,28,31,07/30/2022 06:51:21 PM
Recursive Rhythms,Electronic,VIP Lounge,5751,6098,3,63,33,25,08/01/2022 12:11:53 AM
Recursive Rhythms,Electronic,DJ Tent,7634,870,2,78,38,34,08/01/2022 08:02:33 PM
Recursive Rhythms,Electronic,DJ Tent,8476,8102,7,119,18,42,08/02/2022 07:39:34 AM
Parallel Processors,Hip Hop,Main Stage,5130,8661,8,57,42,25,08/03/2022 03:38:45 PM
The Data Wranglers,Indie,Indie Arena,8610,3874,6,64,43,25,08/05/2022 12:31:27 AM
Cluster Funk,Jazz,Indie Arena,1893,7143,1,61,47,50,08/05/2022 08:43:20 AM
Segmentation Fault,Jazz,DJ Tent,8140,9556,3,83,31,31,08/06/2022 07:10:19 AM
Epsilon Greedy,Rock,Main Stage,2388,3330,9,80,36,27,08/08/2022 12:28:33 AM
Recursive Rhythms,Rock,Main Stage,2204,1503,7,74,15,53,08/08/2022 07:01:56 PM
Recursive Rhythms,Electronic,DJ Tent,2410,3332,2,116,32,44,08/09/2022 11:55:34 AM
The Query Strings,Indie,Main Stage,7382,5110,9,39,34,41,08/10/2022 11:02:54 PM
Byte Beat,Electronic,VIP Lounge,5554,5069,6,116,48,37,08/11/2022 04:22:57 PM
Hello World,Jazz,Indie Arena,2044,8506,1,32,53,47,08/12/2022 07:14:58 AM
The Algorithmics,Hip Hop,VIP Lounge,1942,4283,4,109,47,28,08/13/2022 02:00:13 PM
Cluster Funk,Indie,DJ Tent,7899,4632,6,85,30,27,08/14/2022 08:35:36 AM
Parallel Processors,Jazz,VIP Lounge,7090,4518,6,69,44,45,08/16/2022 02:38:50 AM
Segmentation Fault,Hip Hop,Indie Arena,3834,3510,5,76,26,53,08/16/2022 02:15:27 PM
The Data Wranglers,Jazz,VIP Lounge,1563,8795,6,57,50,52,08/17/2022 11:54:02 PM
The Algorithmics,Rock,Indie Arena,8002,3569,8,92,39,45,08/19/2022 12:33:21 AM
Byte Beat,Jazz,DJ Tent,984,9079,8,65,36,52,08/19/2022 11:07:09 PM
Random Forest,Hip Hop,VIP Lounge,9144,3279,8,80,58,58,08/21/2022 03:09:35 AM
Random Forest,Electronic,Indie Arena,3004,6495,8,115,40,24,08/22/2022 02:56:28 AM
The Data Wranglers,Hip Hop,DJ Tent,8398,8920,1,42,35,28,08/23/2022 04:00:54 AM
Cluster Funk,Rock,Indie Arena,9288,8966,4,84,45,15,08/23/2022 10:52:19 AM
Recursive Rhythms,Jazz,Main Stage,7618,7855,1,84,17,23,08/25/2022 12:33:12 AM
Hello World,Electronic,Main Stage,8136,1791,5,106,31,35,08/25/2022 05:13:41 PM
The Data Wranglers,Electronic,VIP Lounge,553,7193,4,61,51,16,08/26/2022 09:27:06 PM
Cluster Funk,Electronic,DJ Tent,7679,4814,3,39,35,44,08/27/2022 01:56:58 PM
Segmentation Fault,Indie,DJ Tent,4941,9699,9,107,22,27,08/29/2022 12:46:38 AM
Bit Rate,Rock,Main Stage,1914,2443,2,116,47,53,08/29/2022 10:38:57 AM
Cache Miss,Indie,DJ Tent,6044,4803,8,117,20,17,08/30/2022 01:10:12 PM
The Data Wranglers,Jazz,Main Stage,9129,6049,9,100,48,56,08/31/2022 04:49:39 PM
Random Forest,Jazz,VIP Lounge,5053,762,4,60,36,20,09/01/2022 08:46:07 PM
Cache Miss,Electronic,DJ Tent,5263,2393,3,51,39,21,09/02/2022 11:37:15 AM
Hello World,Hip Hop,VIP Lounge,7805,7196,2,73,46,17,09/04/2022 04:37:47 AM
Hello World,Rock,VIP Lounge,3499,4780,4,32,23,57,09/04/2022 06:01:14 PM
Hello World,Indie,DJ Tent,7246,4774,2,57,36,18,09/05/2022 09:55:37 AM
Cache Miss,Hip Hop,VIP Lounge,9614,1838,5,56,44,39,09/06/2022 11:35:07 AM
Epsilon Greedy,Jazz,VIP Lounge,250,1185,7,87,34,41,09/07/2022 09:32:54 PM
The Algorithmics,Jazz,Main Stage,2808,1506,4,62,19,52,09/08/2022 08:34:30 PM
Recursive Rhythms,Hip Hop,Indie Arena,8387,7596,2,69,27,24,09/09/2022 10:30:02 PM
Epsilon Greedy,Electronic,VIP Lounge,7092,1456,8,63,41,30,09/11/2022 06:56:15 AM
Segmentation Fault,Indie,DJ Tent,6593,797,2,98,30,56,09/11/2022 05:04:43 PM
The Data Wranglers,Jazz,Main Stage,9698,1918,1,88,18,29,09/13/2022 06:47:52 AM
Neural Nets,Hip Hop,DJ Tent,1417,8313,3,116,40,41,09/14/2022 01:02:48 AM
Syntax Error,Jazz,DJ Tent,8217,2516,6,75,15,44,09/15/2022 12:48:05 AM
Parallel Processors,Rock,VIP Lounge,6002,6149,8,46,36,39,09/15/2022 08:52:04 AM
Neural Nets,Jazz,DJ Tent,599,3299,7,68,32,23,09/16/2022 06:00:36 PM
Syntax Error,Indie,Indie Arena,4639,1748,4,66,15,46,09/18/2022 02:42:44 AM
Hello World,Jazz,Indie Arena,670,5665,9,68,25,44,09/18/2022 11:11:53 AM
Byte Beat,Electronic,DJ Tent,3366,3671,3,66,43,45,09/20/2022 05:53:55 AM
The Algorithmics,Jazz,DJ Tent,3667,3648,6,44,34,36,09/21/2022 06:32:13 AM
Parallel Processors,Indie,VIP Lounge,8827,4411,2,78,46,57,09/21/2022 10:01:30 PM
Byte Beat,Indie,DJ Tent,1226,6031,3,77,34,32,09/22/2022 03:40:11 PM
Parallel Processors,Electronic,Indie Arena,2299,7427,5,60,25,58,09/24/2022 12:03:25 AM
Byte Beat,Rock,Main Stage,2354,571,4,88,59,58,09/25/2022 02:47:11 AM
Bit Rate,Electronic,Indie Arena,868,7973,4,72,41,27,09/25/2022 11:38:25 AM
Bit Rate,Jazz,VIP Lounge,3346,828,5,81,15,15,09/26/2022 05:24:36 PM
Random Forest,Indie,Indie Arena,6639,1324,1,65,20,58,09/27/2022 09:40:52 PM
Byte Beat,Electronic,Main Stage,5714,5012,2,111,43,55,09/28/2022 09:22:56 AM
Hello World,Hip Hop,VIP Lounge,4936,9674,9,107,31,49,09/29/2022 10:31:39 AM
Recursive Rhythms,Jazz,Indie Arena,5161,4647,8,49,33,18,09/30/2022 08:09:23 AM
Cluster Funk,Hip Hop,DJ Tent,7942,7172,2,74,46,39,10/02/2022 03:04:27 AM
Syntax Error,Indie,Indie Arena,9458,9461,1,110,34,32,10/02/2022 07:32:01 PM
Random Forest,Rock,Indie Arena,9033,1955,6,41,31,21,10/03/2022 07:38:43 AM
The Query Strings,Jazz,DJ Tent,1665,9119,4,115,48,25,10/04/2022 10:51:41 AM
Parallel Processors,Hip Hop,VIP Lounge,4673,1922,6,30,30,56,10/05/2022 10:19:35 AM
Bit Rate,Hip Hop,VIP Lounge,1488,6340,7,45,58,16,10/06/2022 11:50:52 PM
Epsilon Greedy,Jazz,Indie Arena,9220,177,8,106,49,30,10/07/2022 05:00:20 PM
The Query Strings,Indie,Indie Arena,9627,8578,8,36,57,45,10/08/2022 08:52:27 AM
Cache Miss,Hip Hop,VIP Lounge,3914,8387,6,73,41,21,10/09/2022 08:56:22 PM
Neural Nets,Electronic,DJ Tent,1933,7861,7,62,38,18,10/11/2022 05:03:21 AM
Cluster Funk,Jazz,DJ Tent,3653,7374,5,36,26,50,10/11/2022 01:39:54 PM
The Query Strings,Indie,DJ Tent,2777,1522,2,91,21,56,10/12/2022 11:46:22 AM
Syntax Error,Jazz,Indie Arena,6898,9383,3,37,48,29,10/14/2022 02:12:56 AM
Random Forest,Rock,VIP Lounge,1997,7665,3,83,42,23,10/14/2022 12:56:27 PM
Segmentation Fault,Jazz,Indie Arena,3051,2703,3,62,19,19,10/15/2022 10:14:28 PM
Bit Rate,Jazz,VIP Lounge,7017,488,6,91,26,56,10/17/2022 01:36:50 AM
Byte Beat,Hip Hop,Indie Arena,4965,4763,5,91,29,44,10/18/2022 05:49:46 AM
Hello World,Hip Hop,Indie Arena,7778,67,4,44,53,39,10/19/2022 02:16:22 AM
The Data Wranglers,Rock,VIP Lounge,2292,9213,6,117,45,58,10/20/2022 03:23:00 AM
Cluster Funk,Electronic,Main Stage,5075,720,2,56,57,26,10/20/2022 07:16:33 PM
Cluster Funk,Indie,DJ Tent,1182,9082,5,60,26,57,10/21/2022 08:19:32 AM
Neural Nets,Rock,DJ Tent,2215,5711,4,116,15,41,10/22/2022 04:26:31 PM
Byte Beat,Hip Hop,VIP Lounge,7065,219,3,38,43,20,10/23/2022 08:36:13 PM
Epsilon Greedy,Hip Hop,Main Stage,2854,3724,4,78,51,35,10/24/2022 11:00:26 PM
Recursive Rhythms,Rock,DJ Tent,4923,7447,2,51,49,49,10/25/2022 12:33:22 PM
Recursive Rhythms,Rock,Main Stage,8732,776,8,68,44,26,10/26/2022 04:01:48 PM
Bit Rate,Rock,DJ Tent,9552,2988,8,76,43,29,10/27/2022 06:38:10 PM
Hello World,Indie,Indie Arena,7649,7886,4,94,20,20,10/28/2022 08:45:03 PM
Cluster Funk,Rock,Indie Arena,1613,3094,2,73,52,38,10/30/2022 12:27:27 AM
Epsilon Greedy,Electronic,DJ Tent,7440,2875,3,95,34,16,10/30/2022 07:49:19 AM
Infinite Loop,Jazz,Indie Arena,9638,5602,4,58,51,32,10/31/2022 10:04:13 AM
Parallel Processors,Indie,Main Stage,9764,5762,8,45,28,41,11/01/2022 01:22:07 PM
Recursive Rhythms,Jazz,Main Stage,8485,5798,7,89,50,18,11/02/2022 09:07:41 PM
Epsilon Greedy,Hip Hop,Main Stage,5707,3011,2,42,25,51,11/04/2022 12:35:56 AM
Byte Beat,Electronic,Indie Arena,2718,1959,5,38,36,28,11/04/2022 05:18:41 PM
Byte Beat,Hip Hop,VIP Lounge,6473,984,3,36,18,58,11/05/2022 08:00:42 AM
The Query Strings,Jazz,DJ Tent,3554,6418,1,41,50,24,11/06/2022 02:56:09 PM
The Query Strings,Rock,Indie Arena,2228,7219,6,98,59,18,11/07/2022 02:30:01 PM
Hello World,Jazz,VIP Lounge,6386,8925,7,68,43,59,11/09/2022 01:02:06 AM
The Query Strings,Electronic,DJ Tent,8733,6790,1,79,26,42,11/10/2022 04:09:10 AM
Cluster Funk,Electronic,DJ Tent,2628,7931,3,43,44,34,11/11/2022 03:32:10 AM
Epsilon Greedy,Rock,DJ Tent,1646,6273,4,100,44,24,11/11/2022 10:55:51 AM
Hello World,Indie,VIP Lounge,5865,4812,3,41,36,53,11/12/2022 11:57:03 PM
Hello World,Jazz,DJ Tent,4473,494,1,30,49,57,11/13/2022 10:39:29 AM
Epsilon Greedy,Jazz,Indie Arena,7756,8085,5,82,59,50,11/14/2022 07:38:17 PM
Random Forest,Electronic,Indie Arena,4317,9343,8,103,38,51,11/15/2022 12:38:31 PM
Cache Miss,Indie,VIP Lounge,3333,4262,6,43,41,31,11/16/2022 04:54:33 PM
Infinite Loop,Rock,Main Stage,8712,9101,1,61,23,45,11/17/2022 12:32:29 PM
Bit Rate,Rock,Main Stage,3502,2681,1,113,34,56,11/18/2022 08:56:21 AM
Parallel Processors,Jazz,DJ Tent,8906,1352,6,64,46,18,11/19/2022 08:12:55 PM
Cluster Funk,Indie,DJ Tent,4139,5068,7,36,54,16,11/21/2022 12:01:04 AM
Parallel Processors,Jazz,DJ Tent,1239,866,9,117,24,55,11/21/2022 10:59:58 AM
The Data Wranglers,Rock,Indie Arena,2470,3425,9,68,21,49,11/23/2022 04:05:46 AM
Cluster Funk,Hip Hop,VIP Lounge,1470,9009,6,113,53,29,11/24/2022 05:18:58 AM
Infinite Loop,Indie,DJ Tent,5556,6687,5,46,35,52,11/24/2022 10:33:24 PM
The Query Strings,Jazz,DJ Tent,5255,125,2,73,20,17,11/25/2022 06:54:33 PM
Cluster Funk,Indie,DJ Tent,558,1370,9,93,19,27,11/26/2022 07:30:45 PM
The Query Strings,Rock,DJ Tent,9810,3902,9,94,59,44,11/27/2022 11:50:10 PM
Random Forest,Rock,Indie Arena,1092,6633,4,68,38,38,11/28/2022 09:03:13 PM
The Data Wranglers,Indie,DJ Tent,8299,3922,7,100,30,34,11/29/2022 12:10:59 PM
Cache Miss,Rock,Indie Arena,5817,4768,9,66,27,40,11/30/2022 08:19:26 PM
The Query Strings,Hip Hop,Main Stage,612,163,3,84,41,22,12/01/2022 09:26:58 PM
Parallel Processors,Indie,VIP Lounge,5666,6830,2,116,57,44,12/02/2022 10:03:25 PM
Syntax Error,Hip Hop,DJ Tent,7271,2373,5,49,45,36,12/03/2022 09:46:47 AM
Syntax Error,Rock,DJ Tent,9330,2364,6,60,34,34,12/04/2022 07:22:07 PM
Syntax Error,Rock,VIP Lounge,5728,7619,6,71,15,47,12/06/2022 04:52:46 AM
The Algorithmics,Jazz,Indie Arena,3770,4509,1,63,25,39,12/06/2022 08:54:32 PM
Segmentation Fault,Electronic,DJ Tent,8609,5476,7,66,50,21,12/08/2022 02:52:29 AM
Byte Beat,Jazz,DJ Tent,8941,280,6,30,39,29,12/09/2022 06:18:36 AM
Cluster Funk,Rock,VIP Lounge,6848,4288,1,86,46,59,12/09/2022 04:01:04 PM
Bit Rate,Indie,Main Stage,338,1517,2,85,26,40,12/11/2022 12:02:28 AM
Recursive Rhythms,Rock,Indie Arena,726,1011,2,102,47,26,12/11/2022 05:25:54 PM
The Query Strings,Electronic,VIP Lounge,7349,3755,3,110,27,19,12/13/2022 03:34:04 AM
The Query Strings,Jazz,VIP Lounge,5952,6796,1,81,54,45,12/13/2022 09:45:45 PM
Random Forest,Hip Hop,VIP Lounge,485,7114,8,58,46,52,12/14/2022 07:57:46 AM
Recursive Rhythms,Rock,Main Stage,1268,7954,7,98,31,53,12/16/2022 04:48:53 AM
The Query Strings,Indie,Main Stage,7199,1697,4,64,40,46,12/17/2022 12:22:21 AM
Epsilon Greedy,Hip Hop,VIP Lounge,6156,3668,2,114,21,39,12/17/2022 08:55:11 PM
Epsilon Greedy,Jazz,VIP Lounge,7728,5140,1,57,24,25,12/19/2022 01:30:36 AM
Syntax Error,Electronic,Main Stage,3072,1237,6,74,52,41,12/20/2022 05:13:44 AM
Parallel Processors,Electronic,Indie Arena,4203,9582,3,37,40,44,12/21/2022 03:18:33 AM
Parallel Processors,Electronic,Indie Arena,9663,2191,3,85,23,15,12/21/2022 10:55:38 AM
Syntax Error,Rock,Indie Arena,814,3695,2,90,47,35,12/22/2022 11:19:12 AM
Segmentation Fault,Electronic,Indie Arena,7950,6049,5,30,15,56,12/23/2022 01:46:51 PM
Cache Miss,Electronic,VIP Lounge,3677,4866,4,44,29,53,12/25/2022 01:08:13 AM
Syntax Error,Electronic,VIP Lounge,6015,3208,9,109,22,58,12/25/2022 10:52:20 AM
Cache Miss,Electronic,Indie Arena,6404,8727,5,111,57,57,12/27/2022 05:50:36 AM
Recursive Rhythms,Electronic,DJ Tent,9597,824,2,73,19,48,12/27/2022 06:15:28 PM
Cluster Funk,Electronic,VIP Lounge,1199,3000,6,115,50,24,12/28/2022 10:33:38 AM
The Query Strings,Rock,VIP Lounge,9508,4977,9,96,31,46,12/29/2022 07:46:33 AM
Cache Miss,Indie,Indie Arena,4543,6050,2,39,53,17,12/31/2022 05:35:33 AM
Random Forest,Indie,DJ Tent,2804,2317,6,82,23,25,12/31/2022 09:22:01 PM
The Algorithmics,Electronic,Main Stage,3821,2699,3,77,20,50,01/02/2023 04:51:04 AM
Neural Nets,Jazz,DJ Tent,7384,8505,7,58,27,29,01/02/2023 09:38:31 PM
Infinite Loop,Jazz,DJ Tent,2607,4357,7,95,32,17,01/03/2023 09:13:30 PM
Infinite Loop,Rock,DJ Tent,6831,4111,2,79,42,31,01/05/2023 02:01:50 AM
The Query Strings,Rock,VIP Lounge,9244,2944,9,89,35,50,01/05/2023 09:08:25 PM
Segmentation Fault,Electronic,VIP Lounge,8580,2755,3,76,42,18,01/06/2023 03:33:42 PM
Cache Miss,Hip Hop,Indie Arena,7154,2209,5,31,38,46,01/07/2023 07:26:37 AM
Bit Rate,Jazz,Indie Arena,3114,7659,1,114,50,58,01/08/2023 11:51:01 PM
Byte Beat,Hip Hop,VIP Lounge,3737,8700,8,83,33,42,01/09/2023 11:15:09 PM
Hello World,Rock,Indie Arena,9139,7607,8,84,44,32,01/10/2023 10:59:15 AM
Epsilon Greedy,Jazz,Main Stage,6317,5799,1,65,54,17,01/12/2023 04:28:55 AM
Byte Beat,Electronic,VIP Lounge,9085,5890,8,116,21,52,01/12/2023 10:49:18 AM
Infinite Loop,Jazz,DJ Tent,8175,3155,7,93,57,22,01/14/2023 03:39:02 AM
The Data Wranglers,Hip Hop,Main Stage,4262,2333,4,39,18,31,01/14/2023 06:33:23 PM
Cache Miss,Rock,DJ Tent,1891,4382,7,99,26,34,01/15/2023 09:52:45 AM
Cluster Funk,Jazz,Main Stage,6090,4257,5,106,30,56,01/16/2023 04:21:22 PM
Infinite Loop,Hip Hop,Main Stage,2367,5488,9,54,54,26,01/17/2023 08:42:24 PM
The Algorithmics,Jazz,Main Stage,3489,2178,8,59,35,57,01/18/2023 07:07:55 AM
Infinite Loop,Rock,VIP Lounge,5157,1027,7,47,45,56,01/20/2023 03:31:00 AM
Segmentation Fault,Jazz,Main Stage,9019,2141,2,68,23,19,01/21/2023 05:50:27 AM
The Query Strings,Electronic,Indie Arena,3135,4576,8,80,48,53,01/21/2023 11:25:10 AM
Infinite Loop,Hip Hop,VIP Lounge,795,2548,7,106,30,28,01/22/2023 11:14:20 AM
Random Forest,Jazz,DJ Tent,6802,2023,9,64,23,25,01/23/2023 10:04:32 PM
Cache Miss,Indie,Indie Arena,4476,813,8,83,45,16,01/24/2023 11:34:29 AM
The Query Strings,Electronic,Main Stage,5394,2636,9,74,47,26,01/26/2023 04:43:50 AM
Byte Beat,Hip Hop,Main Stage,7338,7944,1,62,47,36,01/26/2023 03:15:55 PM
Neural Nets,Hip Hop,Indie Arena,3596,3028,4,116,42,43,01/27/2023 10:50:26 AM
The Query Strings,Indie,Indie Arena,354,2561,7,35,56,41,01/29/2023 05:46:14 AM
Segmentation Fault,Indie,Main Stage,715,7004,5,81,18,55,01/29/2023 11:13:47 AM
The Algorithmics,Jazz,VIP Lounge,9364,903,7,75,32,46,01/30/2023 05:40:23 PM
Syntax Error,Rock,VIP Lounge,1166,5264,2,100,32,40,02/01/2023 06:25:50 AM
Bit Rate,Electronic,Main Stage,8038,9511,3,51,53,39,02/01/2023 01:19:57 PM
Byte Beat,Jazz,Main Stage,5852,6694,7,112,56,47,02/02/2023 11:18:12 AM
Byte Beat,Rock,DJ Tent,6986,7280,4,63,26,52,02/03/2023 10:26:10 PM
Infinite Loop,Electronic,DJ Tent,1071,4332,3,115,35,31,02/05/2023 04:24:19 AM
Hello World,Rock,VIP Lounge,8732,7762,3,48,31,40,02/06/2023 03:51:10 AM
Cluster Funk,Jazz,Indie Arena,9616,139,1,90,24,59,02/06/2023 07:05:13 AM
The Query Strings,Indie,DJ Tent,1573,3406,6,95,25,49,02/07/2023 06:51:56 PM
Infinite Loop,Jazz,Main Stage,8006,7539,4,54,55,44,02/09/2023 05:31:43 AM
Byte Beat,Electronic,VIP Lounge,2916,2438,1,80,35,50,02/09/2023 10:33:20 PM
Parallel Processors,Electronic,VIP Lounge,7595,1911,3,35,37,24,02/10/2023 11:40:39 AM
Cache Miss,Indie,DJ Tent,7723,7122,6,30,55,42,02/11/2023 10:03:36 PM
Epsilon Greedy,Jazz,Indie Arena,6199,7214,1,117,50,42,02/13/2023 01:32:41 AM
Segmentation Fault,Electronic,Main Stage,6745,9246,1,37,25,25,02/14/2023 02:09:13 AM
Epsilon Greedy,Rock,Main Stage,5141,8959,6,48,55,41,02/14/2023 10:05:32 PM
Cache Miss,Jazz,Indie Arena,5593,9146,1,104,24,21,02/16/2023 03:24:33 AM
Infinite Loop,Jazz,VIP Lounge,2517,8670,8,103,49,47,02/17/2023 04:20:13 AM
Random Forest,Rock,DJ Tent,6462,7937,4,31,41,59,02/18/2023 04:25:54 AM
Syntax Error,Rock,Indie Arena,8902,887,2,90,25,45,02/19/2023 03:04:18 AM
Hello World,Electronic,VIP Lounge,119,4480,6,115,19,15,02/19/2023 02:40:08 PM
Syntax Error,Indie,DJ Tent,6247,2286,9,68,15,54,02/21/2023 01:58:38 AM
Hello World,Jazz,VIP Lounge,3528,3751,2,107,34,41,02/21/2023 11:15:25 PM
Byte Beat,Electronic,DJ Tent,3106,4079,2,115,48,41,02/22/2023 11:55:58 AM
Neural Nets,Jazz,DJ Tent,1640,466,4,69,55,48,02/24/2023 05:51:28 AM
Neural Nets,Hip Hop,DJ Tent,5430,6008,9,69,58,25,02/24/2023 06:25:20 PM
Cluster Funk,Indie,VIP Lounge,4118,1025,4,65,17,24,02/26/2023 01:33:33 AM
Infinite Loop,Jazz,VIP Lounge,2064,4931,4,112,51,32,02/26/2023 05:37:22 PM
Infinite Loop,Jazz,Main Stage,522,6944,7,42,35,52,02/28/2023 03:18:23 AM
Parallel Processors,Electronic,VIP Lounge,6960,3035,4,102,38,22,02/28/2023 01:30:43 PM
Recursive Rhythms,Hip Hop,Indie Arena,1496,592,6,84,35,43,03/02/2023 04:59:36 AM
Parallel Processors,Indie,VIP Lounge,6993,7548,6,114,19,53,03/02/2023 11:10:50 AM
Parallel Processors,Indie,DJ Tent,4259,6205,2,43,15,54,03/03/2023 01:10:11 PM
Hello World,Indie,Indie Arena,1208,7839,5,104,45,28,03/04/2023 08:44:38 PM
Syntax Error,Jazz,Main Stage,7670,823,6,62,17,31,03/05/2023 08:55:32 PM
Neural Nets,Hip Hop,DJ Tent,3702,8169,1,61,52,33,03/07/2023 02:28:14 AM
Cache Miss,Indie,VIP Lounge,3026,4165,5,73,37,26,03/07/2023 07:42:57 PM
Random Forest,Indie,DJ Tent,4076,5716,1,89,28,32,03/09/2023 06:49:40 AM
The Query Strings,Electronic,VIP Lounge,3073,1751,7,40,19,41,03/09/2023 03:04:29 PM
Neural Nets,Jazz,Indie Arena,5229,2932,2,33,58,33,03/10/2023 11:44:26 AM
Syntax Error,Hip Hop,DJ Tent,6062,3997,9,65,38,50,03/11/2023 02:18:29 PM
Random Forest,Jazz,DJ Tent,2325,2273,4,36,30,36,03/13/2023 12:49:17 AM
Neural Nets,Hip Hop,VIP Lounge,962,8563,9,96,21,27,03/13/2023 10:38:53 AM
Cluster Funk,Hip Hop,Main Stage,505,2301,1,75,52,22,03/15/2023 04:31:38 AM
Parallel Processors,Rock,DJ Tent,6185,1043,1,117,35,44,03/16/2023 01:45:06 AM
Syntax Error,Hip Hop,Main Stage,2778,6450,6,99,43,36,03/16/2023 11:38:16 PM
Cluster Funk,Hip Hop,Indie Arena,8880,4552,8,49,43,44,03/17/2023 07:02:47 PM
Cache Miss,Indie,Indie Arena,6133,5538,3,38,25,16,03/18/2023 10:23:15 PM
Infinite Loop,Electronic,VIP Lounge,5596,4607,5,71,15,38,03/19/2023 12:03:03 PM
Recursive Rhythms,Jazz,Main Stage,7465,674,5,76,58,49,03/21/2023 03:41:22 AM
The Data Wranglers,Indie,Indie Arena,8611,5899,6,112,59,57,03/22/2023 02:10:26 AM
Recursive Rhythms,Hip Hop,Indie Arena,4672,998,9,112,26,55,03/23/2023 02:18:07 AM
Byte Beat,Jazz,Indie Arena,4433,6636,9,82,22,29,03/23/2023 12:39:29 PM
Syntax Error,Hip Hop,VIP Lounge,779,4713,3,88,46,18,03/24/2023 08:08:31 AM
Epsilon Greedy,Jazz,DJ Tent,9112,8338,2,70,31,36,03/25/2023 06:27:46 PM
Cluster Funk,Indie,DJ Tent,3592,4120,9,43,27,56,03/27/2023 05:14:43 AM
The Query Strings,Jazz,VIP Lounge,475,6863,7,103,31,33,03/27/2023 07:31:11 AM
Recursive Rhythms,Indie,Main Stage,7437,7626,1,70,17,26,03/28/2023 11:12:43 AM
The Query Strings,Rock,Main Stage,8343,6086,7,112,38,35,03/29/2023 09:12:39 PM
Segmentation Fault,Rock,DJ Tent,129,401,9,54,53,38,03/31/2023 06:02:41 AM
The Query Strings,Rock,VIP Lounge,6717,1103,6,65,44,39,03/31/2023 03:41:35 PM
The Algorithmics,Electronic,VIP Lounge,1366,9494,9,33,50,21,04/01/2023 01:16:09 PM
Segmentation Fault,Rock,Main Stage,2329,2317,1,44,34,15,04/02/2023 06:08:55 PM
Hello World,Hip Hop,VIP Lounge,7848,1108,1,79,42,34,04/03/2023 10:05:51 PM
The Data Wranglers,Hip Hop,Indie Arena,2216,3276,7,88,20,31,04/05/2023 05:21:53 AM
Neural Nets,Indie,DJ Tent,949,6475,2,48,44,59,04/05/2023 03:44:50 PM
The Query Strings,Jazz,DJ Tent,6142,9069,5,94,16,20,04/06/2023 04:39:53 PM
Cluster Funk,Electronic,DJ Tent,7669,2852,1,116,42,48,04/08/2023 12:41:14 AM
The Query Strings,Indie,DJ Tent,2417,6890,8,107,50,36,04/09/2023 01:17:52 AM
Cache Miss,Rock,DJ Tent,9192,4672,8,79,32,39,04/09/2023 06:05:01 PM
Neural Nets,Jazz,Indie Arena,1806,3437,4,59,31,55,04/10/2023 11:44:35 PM
The Query Strings,Jazz,VIP Lounge,6496,7150,1,99,26,15,04/11/2023 07:24:03 AM
Parallel Processors,Rock,Indie Arena,3750,8718,4,57,41,52,04/12/2023 04:23:11 PM
Cluster Funk,Indie,Indie Arena,744,6720,6,30,28,42,04/13/2023 08:32:50 PM
The Query Strings,Indie,Indie Arena,8189,8503,7,94,47,20,04/14/2023 10:00:24 AM
Parallel Processors,Electronic,VIP Lounge,4751,7839,7,114,47,53,04/15/2023 05:18:47 PM
The Data Wranglers,Jazz,Indie Arena,2156,4178,3,69,34,58,04/17/2023 06:55:11 AM
Syntax Error,Electronic,VIP Lounge,9678,3335,8,74,35,17,04/17/2023 11:16:28 PM
Bit Rate,Hip Hop,DJ Tent,9471,2122,2,48,55,37,04/18/2023 08:38:57 AM
Neural Nets,Indie,DJ Tent,7743,3405,4,89,44,24,04/19/2023 01:46:42 PM
Segmentation Fault,Indie,DJ Tent,3125,2249,4,115,26,38,04/20/2023 10:47:51 AM
Recursive Rhythms,Rock,DJ Tent,8541,4935,7,81,56,49,04/21/2023 02:47:17 PM
Neural Nets,Hip Hop,Indie Arena,7693,7939,4,106,39,31,04/23/2023 01:35:15 AM
Segmentation Fault,Indie,DJ Tent,8062,3125,5,72,59,47,04/23/2023 02:15:45 PM
The Data Wranglers,Hip Hop,Indie Arena,212,1484,4,44,58,24,04/24/2023 09:51:22 AM
The Data Wranglers,Rock,Indie Arena,660,6548,4,105,57,51,04/25/2023 02:34:24 PM
Cache Miss,Electronic,Indie Arena,8063,8455,8,32,23,56,04/26/2023 06:31:18 PM
The Query Strings,Electronic,VIP Lounge,6642,8959,2,103,23,21,04/27/2023 02:38:59 PM
Recursive Rhythms,Rock,VIP Lounge,7973,4181,1,85,18,47,04/29/2023 06:17:22 AM
The Query Strings,Hip Hop,Indie Arena,5745,6394,4,113,16,43,04/29/2023 09:21:04 AM
The Query Strings,Rock,DJ Tent,5429,3030,2,66,25,47,04/30/2023 09:34:18 PM
The Data Wranglers,Indie,VIP Lounge,5431,3861,4,86,31,43,05/01/2023 04:13:37 PM
Cache Miss,Indie,DJ Tent,9105,5762,2,30,18,49,05/02/2023 09:07:29 PM
The Data Wranglers,Electronic,DJ Tent,2472,3358,8,36,32,54,05/04/2023 01:36:13 AM
Parallel Processors,Electronic,DJ Tent,8981,4360,5,93,38,43,05/04/2023 06:29:06 PM
Infinite Loop,Jazz,Indie Arena,6691,7777,5,76,15,35,05/05/2023 03:59:27 PM
Byte Beat,Hip Hop,Indie Arena,389,5437,8,61,37,56,05/07/2023 04:24:10 AM
Epsilon Greedy,Jazz,VIP Lounge,6458,4648,6,103,36,46,05/07/2023 10:46:56 PM
Epsilon Greedy,Jazz,DJ Tent,5733,4914,8,62,55,49,05/09/2023 06:56:32 AM
The Query Strings,Jazz,Indie Arena,1934,584,8,109,52,21,05/10/2023 01:37:58 AM
Bit Rate,Indie,DJ Tent,3895,7246,4,95,23,58,05/11/2023 06:59:38 AM
Recursive Rhythms,Hip Hop,VIP Lounge,6383,1717,5,57,55,41,05/11/2023 04:17:19 PM
Parallel Processors,Jazz,DJ Tent,7561,756,3,42,42,50,05/12/2023 08:02:39 AM
The Algorithmics,Jazz,DJ Tent,3047,715,1,42,15,30,05/14/2023 02:27:22 AM
Epsilon Greedy,Electronic,VIP Lounge,7448,626,2,103,29,35,05/14/2023 03:53:26 PM
Random Forest,Rock,VIP Lounge,9416,866,6,85,35,50,05/15/2023 04:02:47 PM
Neural Nets,Indie,DJ Tent,3393,8213,6,53,27,18,05/16/2023 08:26:12 AM
Random Forest,Electronic,Main Stage,6911,296,3,102,41,30,05/17/2023 03:27:14 PM
Epsilon Greedy,Jazz,Main Stage,7247,437,9,95,27,47,05/18/2023 05:14:42 PM
Recursive Rhythms,Jazz,VIP Lounge,8274,8058,3,38,37,24,05/19/2023 06:42:34 PM
Random Forest,Electronic,Main Stage,879,3361,6,70,35,53,05/21/2023 06:30:04 AM
Recursive Rhythms,Rock,Indie Arena,1518,1757,8,35,25,25,05/21/2023 08:56:53 AM
Byte Beat,Electronic,VIP Lounge,2229,5223,2,111,37,58,05/22/2023 05:55:11 PM
The Query Strings,Electronic,Main Stage,7950,7000,6,70,33,27,05/24/2023 12:47:59 AM
Cluster Funk,Jazz,VIP Lounge,8683,2580,4,118,52,44,05/24/2023 08:09:38 AM
Neural Nets,Indie,Main Stage,8169,5955,4,111,46,17,05/25/2023 05:54:53 PM
Byte Beat,Rock,DJ Tent,1504,5199,7,59,38,43,05/27/2023 01:39:11 AM
The Algorithmics,Electronic,Indie Arena,892,8719,2,63,21,38,05/27/2023 01:30:06 PM
Hello World,Hip Hop,Main Stage,204,6162,7,104,21,42,05/28/2023 09:41:39 PM
Bit Rate,Rock,DJ Tent,7417,8213,9,82,18,46,05/30/2023 04:06:40 AM
Infinite Loop,Rock,DJ Tent,4265,6206,8,115,42,18,05/31/2023 12:50:59 AM
The Data Wranglers,Jazz,Main Stage,3758,4164,4,106,39,40,06/01/2023 04:52:38 AM
Neural Nets,Rock,DJ Tent,6718,8965,4,30,22,33,06/01/2023 11:23:38 AM
Hello World,Indie,Indie Arena,6843,7843,6,43,45,51,06/03/2023 12:20:06 AM
The Algorithmics,Hip Hop,DJ Tent,8814,666,1,96,18,35,06/04/2023 02:29:16 AM
Bit Rate,Rock,DJ Tent,5774,9231,2,61,57,41,06/04/2023 08:29:30 AM
The Algorithmics,Indie,VIP Lounge,8857,7695,8,113,27,50,06/05/2023 02:05:39 PM
The Data Wranglers,Indie,Main Stage,2195,5740,6,87,40,53,06/06/2023 07:59:31 AM
Parallel Processors,Indie,VIP Lounge,6897,8162,3,51,19,25,06/07/2023 12:30:41 PM
Random Forest,Jazz,DJ Tent,9261,9730,4,46,25,33,06/09/2023 04:50:17 AM
Infinite Loop,Jazz,VIP Lounge,3438,2063,8,46,22,33,06/09/2023 08:18:50 PM
Segmentation Fault,Electronic,Main Stage,6483,3359,9,55,19,35,06/10/2023 10:49:35 PM
Cluster Funk,Jazz,DJ Tent,1421,7825,4,110,39,59,06/11/2023 05:58:23 PM
Bit Rate,Hip Hop,DJ Tent,4539,7712,2,98,52,50,06/12/2023 12:21:20 PM
Byte Beat,Rock,Indie Arena,7217,3733,6,106,53,24,06/13/2023 02:36:55 PM
The Query Strings,Indie,DJ Tent,9790,9720,7,100,50,41,06/15/2023 03:38:33 AM
Cache Miss,Jazz,VIP Lounge,8477,2213,8,109,27,22,06/16/2023 01:46:33 AM
Parallel Processors,Hip Hop,DJ Tent,5619,7506,3,112,48,53,06/17/2023 05:23:23 AM
Syntax Error,Indie,VIP Lounge,6409,3301,7,110,47,59,06/18/2023 04:50:31 AM
The Data Wranglers,Indie,Indie Arena,5057,6631,3,44,45,49,06/18/2023 11:39:30 PM
Neural Nets,Hip Hop,Main Stage,7617,7514,4,70,33,49,06/20/2023 04:09:38 AM
Recursive Rhythms,Rock,DJ Tent,586,3552,3,111,24,29,06/21/2023 12:39:37 AM
The Data Wranglers,Hip Hop,Indie Arena,9771,4614,6,99,17,33,06/21/2023 02:22:04 PM
Hello World,Hip Hop,Main Stage,3691,972,4,115,47,51,06/23/2023 04:35:48 AM
The Data Wranglers,Indie,Main Stage,6739,9459,1,32,58,43,06/23/2023 11:00:41 PM
Parallel Processors,Indie,Indie Arena,5123,7953,8,66,48,27,06/25/2023 02:01:17 AM
Parallel Processors,Indie,Indie Arena,7623,4418,6,84,30,54,06/25/2023 11:01:13 AM
Cluster Funk,Indie,DJ Tent,9682,7419,2,56,38,33,06/26/2023 10:45:54 AM
Segmentation Fault,Electronic,DJ Tent,8174,1379,8,42,49,35,06/28/2023 04:33:03 AM
Hello World,Electronic,Indie Arena,9175,301,2,88,42,39,06/29/2023 12:11:34 AM
Infinite Loop,Hip Hop,Main Stage,8638,9695,4,43,44,30,06/29/2023 08:52:35 PM
Segmentation Fault,Indie,Main Stage,226,9304,9,106,30,36,06/30/2023 11:48:32 AM
The Query Strings,Indie,VIP Lounge,5413,8238,4,79,15,24,07/01/2023 08:31:11 PM
Epsilon Greedy,Electronic,VIP Lounge,6059,8654,9,33,16,19,07/03/2023 05:53:50 AM
Infinite Loop,Electronic,Indie Arena,6040,9481,3,79,48,48,07/04/2023 04:48:53 AM
Random Forest,Indie,Indie Arena,145,3061,7,75,23,50,07/04/2023 01:59:42 PM
Segmentation Fault,Rock,VIP Lounge,1476,2646,1,30,32,55,07/05/2023 04:10:49 PM
Infinite Loop,Rock,VIP Lounge,7628,1006,8,49,56,47,07/06/2023 08:26:52 PM
Cluster Funk,Hip Hop,VIP Lounge,3753,5093,3,114,57,29,07/08/2023 12:40:29 AM
Parallel Processors,Jazz,Indie Arena,3394,823,5,34,54,28,07/08/2023 03:43:02 PM
Neural Nets,Hip Hop,Main Stage,3839,5651,6,75,20,34,07/09/2023 08:39:24 AM
Segmentation Fault,Jazz,DJ Tent,4567,6266,9,30,54,36,07/11/2023 12:27:22 AM
Neural Nets,Jazz,Indie Arena,9334,2035,6,53,18,40,07/11/2023 12:55:48 PM
Parallel Processors,Rock,VIP Lounge,7176,3457,1,31,47,18,07/12/2023 01:10:59 PM
Parallel Processors,Electronic,Indie Arena,4976,6380,4,109,34,23,07/13/2023 07:45:13 PM
Segmentation Fault,Rock,VIP Lounge,4957,6089,8,110,48,30,07/14/2023 08:10:20 PM
The Query Strings,Rock,Indie Arena,4583,3134,2,103,38,43,07/16/2023 01:43:36 AM
Segmentation Fault,Hip Hop,Indie Arena,7234,6767,9,31,46,50,07/16/2023 02:16:26 PM
Epsilon Greedy,Indie,Indie Arena,3943,4420,4,54,52,33,07/18/2023 01:30:10 AM
Epsilon Greedy,Electronic,DJ Tent,5302,557,2,65,45,33,07/19/2023 06:30:03 AM
Recursive Rhythms,Indie,DJ Tent,1841,9448,1,83,30,38,07/19/2023 09:42:26 PM
Epsilon Greedy,Rock,VIP Lounge,1138,1355,5,110,32,59,07/20/2023 10:58:46 AM
The Algorithmics,Rock,Main Stage,1064,3089,3,64,43,35,07/22/2023 03:57:33 AM
The Algorithmics,Hip Hop,Indie Arena,988,775,7,102,56,21,07/22/2023 12:58:42 PM
Segmentation Fault,Indie,DJ Tent,6198,9664,6,35,35,26,07/23/2023 05:24:56 PM
Byte Beat,Jazz,Main Stage,3966,2887,9,66,21,21,07/24/2023 12:10:31 PM
Cache Miss,Hip Hop,VIP Lounge,6538,8954,9,65,57,21,07/26/2023 04:26:36 AM
The Algorithmics,Jazz,DJ Tent,3546,8288,7,57,50,56,07/27/2023 02:20:48 AM
The Query Strings,Electronic,Indie Arena,1634,7545,3,91,31,40,07/27/2023 11:36:51 AM
Hello World,Hip Hop,Indie Arena,6082,1224,2,73,44,20,07/29/2023 03:59:56 AM
Bit Rate,Jazz,DJ Tent,4295,712,9,111,38,44,07/29/2023 09:37:48 AM
The Data Wranglers,Rock,Indie Arena,5338,5636,7,61,26,19,07/30/2023 08:31:48 PM
Cluster Funk,Rock,DJ Tent,3830,2180,6,94,36,24,08/01/2023 06:13:35 AM
Recursive Rhythms,Hip Hop,DJ Tent,7349,8461,6,93,22,47,08/01/2023 11:49:43 PM
Hello World,Electronic,Indie Arena,968,9067,9,73,26,56,08/02/2023 11:06:27 PM
Parallel Processors,Electronic,VIP Lounge,5771,8767,2,107,16,47,08/03/2023 06:20:23 PM
Recursive Rhythms,Jazz,VIP Lounge,4846,7349,3,77,20,57,08/04/2023 07:22:20 PM
Infinite Loop,Electronic,Indie Arena,670,286,9,32,49,37,08/06/2023 06:56:01 AM
Syntax Error,Indie,Indie Arena,7304,9057,3,93,20,52,08/06/2023 03:41:18 PM
The Query Strings,Jazz,VIP Lounge,6558,8152,6,77,56,45,08/07/2023 07:38:20 PM
Random Forest,Indie,Main Stage,9125,9601,3,68,57,40,08/08/2023 03:51:44 PM
Neural Nets,Rock,DJ Tent,8188,689,6,46,21,18,08/09/2023 09:28:40 AM
The Algorithmics,Electronic,DJ Tent,1466,5051,6,63,55,38,08/10/2023 09:43:59 AM
Neural Nets,Hip Hop,DJ Tent,8434,2238,7,55,25,24,08/12/2023 05:33:01 AM
Epsilon Greedy,Rock,Main Stage,1424,3251,5,99,57,39,08/13/2023 01:32:51 AM
Recursive Rhythms,Electronic,VIP Lounge,4010,140,5,32,27,37,08/13/2023 08:44:37 AM
Parallel Processors,Rock,VIP Lounge,9907,3957,9,103,47,50,08/15/2023 02:02:07 AM
Epsilon Greedy,Hip Hop,Indie Arena,2177,8128,1,89,52,53,08/15/2023 02:34:40 PM
Syntax Error,Electronic,Indie Arena,623,423,4,93,34,46,08/16/2023 07:46:13 PM
The Query Strings,Indie,Main Stage,7195,6388,7,113,32,22,08/17/2023 08:50:18 AM
The Data Wranglers,Rock,DJ Tent,6522,2900,5,81,54,27,08/18/2023 11:29:28 AM
Cache Miss,Electronic,DJ Tent,7022,7495,2,106,33,32,08/19/2023 08:34:11 PM
Hello World,Indie,Indie Arena,4309,6254,7,56,52,23,08/21/2023 05:24:12 AM
Epsilon Greedy,Indie,Indie Arena,2437,535,4,33,50,47,08/22/2023 05:42:57 AM
Hello World,Indie,Main Stage,1635,8629,3,66,15,29,08/22/2023 07:59:52 AM
Hello World,Rock,VIP Lounge,1692,4860,5,33,21,46,08/24/2023 05:00:59 AM
Recursive Rhythms,Rock,VIP Lounge,4228,8601,9,31,49,53,08/25/2023 12:39:45 AM
Syntax Error,Hip Hop,DJ Tent,3248,7925,7,57,44,35,08/25/2023 08:44:52 AM
The Data Wranglers,Indie,VIP Lounge,642,1321,3,72,53,47,08/27/2023 05:57:06 AM
The Data Wranglers,Hip Hop,Indie Arena,3124,5854,2,104,15,38,08/27/2023 02:12:42 PM
The Query Strings,Hip Hop,Indie Arena,408,2492,5,99,16,40,08/28/2023 08:12:18 AM
Random Forest,Jazz,DJ Tent,8206,3468,3,91,24,21,08/29/2023 04:20:01 PM
Parallel Processors,Indie,VIP Lounge,217,4759,1,52,19,23,08/31/2023 01:17:34 AM
Neural Nets,Indie,Indie Arena,4684,7664,1,56,39,27,09/01/2023 02:34:34 AM
The Query Strings,Jazz,Indie Arena,3358,7023,2,71,21,38,09/02/2023 02:31:43 AM
Bit Rate,Hip Hop,Main Stage,4431,8909,5,57,25,54,09/02/2023 10:13:44 AM
The Query Strings,Rock,VIP Lounge,8148,1515,5,118,20,24,09/03/2023 01:53:32 PM
Infinite Loop,Rock,Indie Arena,5311,5653,5,108,15,59,09/04/2023 01:59:23 PM
Parallel Processors,Rock,DJ Tent,8741,6460,4,42,20,44,09/06/2023 03:10:41 AM
Recursive Rhythms,Rock,VIP Lounge,2292,6253,8,54,40,42,09/06/2023 11:43:50 AM
Cluster Funk,Jazz,DJ Tent,9169,1421,4,39,40,35,09/08/2023 06:42:10 AM
Byte Beat,Jazz,DJ Tent,582,4143,6,109,42,22,09/09/2023 04:53:30 AM
The Data Wranglers,Indie,Indie Arena,7674,6187,6,53,57,58,09/10/2023 02:50:54 AM
Cache Miss,Rock,VIP Lounge,2356,4633,3,61,19,34,09/10/2023 12:41:02 PM
Infinite Loop,Jazz,Indie Arena,829,986,1,65,18,56,09/12/2023 06:46:48 AM
Recursive Rhythms,Rock,DJ Tent,4430,235,2,98,49,55,09/13/2023 02:36:55 AM
The Data Wranglers,Jazz,Indie Arena,1382,3011,8,87,24,21,09/13/2023 11:53:53 PM
Byte Beat,Electronic,Main Stage,5261,1097,9,92,22,15,09/15/2023 02:36:37 AM
Syntax Error,Rock,DJ Tent,1639,7210,8,90,58,43,09/15/2023 08:29:55 PM
Syntax Error,Rock,VIP Lounge,4966,7251,6,71,39,49,09/16/2023 03:31:11 PM
The Data Wranglers,Rock,Indie Arena,1230,3944,9,118,46,57,09/18/2023 01:19:30 AM
Syntax Error,Indie,Indie Arena,2820,1052,7,33,34,23,09/18/2023 07:32:40 PM
Cluster Funk,Indie,DJ Tent,7694,2613,4,53,26,59,09/19/2023 05:33:08 PM
Recursive Rhythms,Rock,Indie Arena,6154,7903,5,50,59,20,09/20/2023 12:19:04 PM
Byte Beat,Electronic,DJ Tent,5592,6278,8,61,16,32,09/21/2023 07:50:27 AM
Epsilon Greedy,Hip Hop,DJ Tent,4504,5483,4,76,31,37,09/22/2023 12:37:32 PM
Cluster Funk,Hip Hop,Indie Arena,3331,4670,2,98,47,38,09/24/2023 01:55:42 AM
Random Forest,Electronic,DJ Tent,451,8015,9,71,41,55,09/24/2023 06:04:44 PM
Bit Rate,Electronic,VIP Lounge,6387,3522,1,40,31,46,09/25/2023 06:26:20 PM
Cluster Funk,Indie,Main Stage,8450,5934,7,101,26,49,09/26/2023 11:09:01 PM
Parallel Processors,Rock,Indie Arena,9727,2166,5,89,15,43,09/27/2023 07:15:25 AM
Parallel Processors,Electronic,Main Stage,3618,2932,6,84,51,40,09/28/2023 12:19:55 PM
Infinite Loop,Hip Hop,Main Stage,5473,6257,8,44,21,30,09/30/2023 01:19:01 AM
Infinite Loop,Electronic,VIP Lounge,4070,1391,1,78,54,43,09/30/2023 09:20:22 AM
Byte Beat,Rock,VIP Lounge,9752,8018,4,103,26,58,10/01/2023 03:06:07 PM
Segmentation Fault,Rock,Main Stage,603,9011,1,39,19,49,10/03/2023 04:28:38 AM
Cache Miss,Jazz,DJ Tent,8954,3666,3,44,22,45,10/03/2023 11:07:15 AM
Cache Miss,Jazz,VIP Lounge,5692,883,4,45,16,48,10/05/2023 06:44:36 AM
Cluster Funk,Electronic,DJ Tent,3488,8748,1,35,44,18,10/05/2023 10:27:25 AM
The Algorithmics,Rock,Indie Arena,2428,7346,1,67,22,31,10/06/2023 09:40:35 PM
Syntax Error,Electronic,Main Stage,6588,8223,1,94,29,56,10/07/2023 10:14:28 AM
Infinite Loop,Hip Hop,VIP Lounge,9198,8892,5,116,15,18,10/09/2023 05:58:12 AM
Parallel Processors,Electronic,VIP Lounge,6153,5857,4,107,55,51,10/09/2023 07:42:57 AM
The Query Strings,Indie,Main Stage,7980,1214,7,117,56,59,10/10/2023 04:03:39 PM
Parallel Processors,Electronic,VIP Lounge,1940,215,2,109,25,42,10/11/2023 08:08:19 AM
Neural Nets,Indie,VIP Lounge,8058,1510,6,61,35,30,10/12/2023 11:56:40 PM
Cluster Funk,Indie,Indie Arena,8475,1461,5,79,27,45,10/14/2023 06:02:03 AM
Infinite Loop,Indie,Main Stage,8397,9138,4,39,19,18,10/14/2023 05:11:36 PM
Random Forest,Hip Hop,VIP Lounge,4085,452,8,89,16,44,10/15/2023 07:58:25 AM
Neural Nets,Electronic,DJ Tent,9313,5195,5,117,44,35,10/16/2023 05:34:05 PM
Recursive Rhythms,Jazz,Indie Arena,4653,190,7,103,52,57,10/17/2023 01:52:11 PM
The Query Strings,Hip Hop,Indie Arena,7682,2411,5,105,46,33,10/19/2023 02:30:02 AM
Infinite Loop,Indie,DJ Tent,8272,5216,6,105,23,41,10/19/2023 06:47:52 PM
The Query Strings,Hip Hop,DJ Tent,2223,8053,7,59,43,29,10/21/2023 03:46:38 AM
Recursive Rhythms,Rock,Indie Arena,3899,3022,8,92,57,33,10/22/2023 03:55:46 AM
Hello World,Indie,Indie Arena,4165,7225,8,91,33,44,10/22/2023 02:35:41 PM
The Algorithmics,Indie,DJ Tent,4367,3735,6,81,51,29,10/23/2023 12:17:25 PM
Neural Nets,Indie,Main Stage,575,7349,1,72,42,23,10/24/2023 02:18:47 PM
Random Forest,Rock,Indie Arena,1796,9527,8,86,34,47,10/25/2023 04:22:30 PM
Epsilon Greedy,Indie,DJ Tent,5588,958,9,107,48,36,10/26/2023 07:12:27 AM
Parallel Processors,Electronic,VIP Lounge,9996,242,8,36,44,21,10/27/2023 11:04:14 AM
Byte Beat,Indie,DJ Tent,5930,858,2,117,43,38,10/28/2023 11:32:28 PM
Recursive Rhythms,Rock,VIP Lounge,2609,8467,1,101,35,22,10/29/2023 11:34:03 AM
Cache Miss,Jazz,VIP Lounge,602,2967,9,68,37,54,10/31/2023 01:05:51 AM
Byte Beat,Hip Hop,Main Stage,5070,8835,1,88,22,39,10/31/2023 07:47:10 PM
The Query Strings,Rock,DJ Tent,5862,3583,8,113,38,24,11/01/2023 10:47:04 AM
Cache Miss,Jazz,Indie Arena,5687,2876,1,82,31,45,11/02/2023 09:48:59 PM
Cluster Funk,Indie,VIP Lounge,2360,5043,8,113,26,26,11/03/2023 10:21:09 AM
Neural Nets,Electronic,VIP Lounge,5265,513,1,50,15,37,11/04/2023 03:55:01 PM
Random Forest,Rock,DJ Tent,4776,4119,6,40,33,51,11/05/2023 10:26:06 PM
Cluster Funk,Rock,DJ Tent,7443,9476,5,45,37,24,11/06/2023 12:07:21 PM
The Query Strings,Jazz,VIP Lounge,6062,941,1,44,57,28,11/07/2023 05:38:21 PM
Epsilon Greedy,Electronic,Indie Arena,9132,7109,8,57,29,37,11/08/2023 06:01:18 PM
Infinite Loop,Jazz,Indie Arena,612,6115,1,64,46,30,11/09/2023 09:44:41 PM
Cluster Funk,Hip Hop,Indie Arena,1174,3666,7,30,28,55,11/10/2023 03:26:32 PM
Hello World,Hip Hop,Main Stage,8433,5966,2,82,44,32,11/11/2023 07:46:35 PM
Random Forest,Electronic,Indie Arena,8591,1828,9,114,33,44,11/12/2023 07:07:25 AM
Cache Miss,Indie,VIP Lounge,4694,4512,7,81,33,59,11/13/2023 11:17:40 AM
Hello World,Jazz,Indie Arena,7331,2917,5,112,26,32,11/14/2023 05:42:05 PM
Neural Nets,Indie,Main Stage,498,3267,1,65,49,30,11/15/2023 10:55:47 AM
Cluster Funk,Rock,DJ Tent,6911,4440,1,40,35,31,11/17/2023 12:54:16 AM
Parallel Processors,Rock,DJ Tent,6711,3607,4,61,45,56,11/18/2023 05:21:50 AM
Epsilon Greedy,Rock,Main Stage,2137,711,8,62,38,47,11/18/2023 01:56:04 PM
The Algorithmics,Electronic,Indie Arena,3223,3143,6,91,29,24,11/20/2023 02:47:56 AM
Bit Rate,Jazz,VIP Lounge,1207,8671,9,113,40,15,11/21/2023 12:34:14 AM
Hello World,Indie,DJ Tent,6088,7098,4,104,21,58,11/22/2023 03:10:12 AM
The Algorithmics,Hip Hop,DJ Tent,2936,6440,7,69,49,28,11/22/2023 11:39:58 AM
Cluster Funk,Rock,DJ Tent,9268,8624,1,55,55,17,11/23/2023 09:33:38 AM
Cache Miss,Hip Hop,VIP Lounge,5744,1919,2,30,21,40,11/24/2023 08:39:46 AM
Syntax Error,Electronic,Indie Arena,6525,883,1,48,34,29,11/26/2023 06:54:09 AM
The Query Strings,Rock,Main Stage,7227,8095,4,38,31,29,11/26/2023 08:49:57 PM
Syntax Error,Electronic,DJ Tent,204,366,2,83,21,57,11/27/2023 08:20:59 AM
Parallel Processors,Electronic,VIP Lounge,9162,4953,3,112,31,36,11/28/2023 10:13:04 PM
Recursive Rhythms,Electronic,Main Stage,1360,4183,1,71,57,41,11/29/2023 07:40:12 AM
Segmentation Fault,Hip Hop,VIP Lounge,8722,1562,1,70,31,18,11/30/2023 07:05:30 PM
Byte Beat,Jazz,Main Stage,2646,7233,4,48,51,33,12/01/2023 09:57:24 PM
Syntax Error,Hip Hop,DJ Tent,5543,152,1,116,19,39,12/02/2023 10:17:35 AM
Random Forest,Electronic,Main Stage,6784,4909,4,54,47,37,12/04/2023 01:59:35 AM
Bit Rate,Jazz,DJ Tent,5897,5834,1,109,37,31,12/04/2023 04:01:24 PM
Byte Beat,Jazz,Main Stage,4199,9187,3,114,46,42,12/06/2023 05:34:14 AM
Syntax Error,Rock,DJ Tent,2429,3899,8,39,50,23,12/06/2023 07:43:48 PM
The Data Wranglers,Indie,DJ Tent,8997,8115,6,33,54,19,12/07/2023 07:07:43 PM
Syntax Error,Hip Hop,VIP Lounge,6473,9626,4,61,40,32,12/08/2023 10:06:39 AM
Segmentation Fault,Rock,VIP Lounge,6988,7920,6,72,39,47,12/09/2023 11:05:02 AM
The Query Strings,Hip Hop,DJ Tent,5833,9070,6,54,31,30,12/10/2023 10:27:10 PM
Recursive Rhythms,Electronic,Indie Arena,2396,3830,3,78,25,50,12/12/2023 02:06:39 AM
Cache Miss,Jazz,Main Stage,1481,5248,2,102,18,37,12/12/2023 05:40:05 PM
Segmentation Fault,Hip Hop,Main Stage,4330,9181,9,104,26,44,12/14/2023 06:56:08 AM
Bit Rate,Rock,DJ Tent,3853,2583,6,51,26,41,12/14/2023 11:49:16 PM
Byte Beat,Jazz,DJ Tent,2889,8689,9,58,49,28,12/15/2023 12:48:41 PM
Cluster Funk,Electronic,Indie Arena,9071,8133,1,119,29,46,12/17/2023 03:47:21 AM
Hello World,Electronic,VIP Lounge,7626,2893,2,100,41,34,12/17/2023 04:38:44 PM
Parallel Processors,Indie,DJ Tent,1609,5349,3,33,50,41,12/18/2023 10:28:16 AM
Hello World,Indie,DJ Tent,4977,3494,7,81,24,32,12/19/2023 08:56:21 PM
The Data Wranglers,Rock,Main Stage,9688,5940,1,32,59,35,12/21/2023 12:34:16 AM
The Data Wranglers,Rock,Main Stage,8936,2117,2,40,50,35,12/22/2023 02:54:07 AM
Byte Beat,Rock,VIP Lounge,6057,5080,5,119,29,44,12/22/2023 08:39:50 PM
Hello World,Jazz,VIP Lounge,6755,2892,4,55,44,50,12/23/2023 10:12:51 PM
The Query Strings,Hip Hop,Main Stage,7861,8986,7,42,42,23,12/24/2023 12:31:10 PM
Cache Miss,Indie,VIP Lounge,2301,2948,2,113,43,39,12/25/2023 08:04:35 PM
Segmentation Fault,Hip Hop,VIP Lounge,1736,3497,6,54,29,48,12/27/2023 06:42:26 AM
Hello World,Indie,VIP Lounge,6133,3335,3,61,48,27,12/27/2023 09:21:37 AM
Byte Beat,Electronic,Indie Arena,9657,6260,8,110,41,39,12/28/2023 06:17:32 PM
Random Forest,Indie,DJ Tent,2247,8072,7,93,55,50,12/29/2023 07:50:25 AM
Hello World,Electronic,Main Stage,8914,5023,8,107,27,19,12/30/2023 01:50:56 PM
The Query Strings,Electronic,DJ Tent,2296,8419,5,60,40,43,01/01/2024 01:49:59 AM
Segmentation Fault,Electronic,DJ Tent,8855,2826,2,85,24,27,01/01/2024 09:23:56 AM
Syntax Error,Electronic,Indie Arena,8974,1070,2,77,31,19,01/02/2024 08:49:10 AM
Bit Rate,Jazz,VIP Lounge,9211,6553,2,113,26,45,01/04/2024 12:26:01 AM
Cache Miss,Hip Hop,Main Stage,9337,770,2,48,36,22,01/04/2024 11:21:16 PM
Cluster Funk,Electronic,Main Stage,543,6375,6,92,27,28,01/05/2024 01:33:07 PM
Cache Miss,Hip Hop,Main Stage,3676,1755,1,54,58,29,01/07/2024 07:03:42 AM
Cache Miss,Electronic,DJ Tent,3771,4313,8,81,26,45,01/07/2024 07:46:54 AM
Recursive Rhythms,Hip Hop,DJ Tent,947,6284,5,89,20,18,01/08/2024 09:14:15 AM
The Data Wranglers,Hip Hop,Main Stage,6103,2559,5,39,56,37,01/09/2024 11:45:28 AM
Infinite Loop,Electronic,Indie Arena,6871,6899,7,72,50,40,01/11/2024 02:27:33 AM
Recursive Rhythms,Electronic,DJ Tent,8216,2284,7,111,27,35,01/12/2024 12:41:52 AM
The Algorithmics,Jazz,Main Stage,8719,2968,7,40,15,24,01/12/2024 11:33:44 PM
Byte Beat,Indie,DJ Tent,4049,3540,1,118,27,41,01/13/2024 05:45:21 PM
Cache Miss,Electronic,DJ Tent,3230,808,1,102,25,34,01/14/2024 07:29:48 AM
Byte Beat,Indie,Main Stage,8834,8968,6,48,45,26,01/16/2024 05:13:27 AM
Cluster Funk,Hip Hop,DJ Tent,9496,2770,7,39,18,41,01/16/2024 11:01:29 PM
Segmentation Fault,Jazz,Main Stage,2671,1957,6,30,22,48,01/17/2024 09:13:04 AM
Recursive Rhythms,Hip Hop,Main Stage,9589,8117,2,66,23,31,01/19/2024 04:06:22 AM
Epsilon Greedy,Rock,DJ Tent,4757,7049,6,92,21,23,01/19/2024 11:53:05 PM
Cluster Funk,Rock,Indie Arena,4131,6525,3,93,46,22,01/20/2024 11:30:36 AM
Infinite Loop,Hip Hop,DJ Tent,478,1191,8,46,35,32,01/21/2024 10:56:38 PM
Byte Beat,Indie,Indie Arena,4290,366,1,84,52,50,01/22/2024 08:48:50 AM
Syntax Error,Hip Hop,Indie Arena,8369,8564,6,117,18,15,01/23/2024 01:17:38 PM
Byte Beat,Jazz,Indie Arena,1434,2433,5,89,38,19,01/24/2024 11:48:17 AM
The Algorithmics,Rock,DJ Tent,4209,2003,5,87,53,18,01/26/2024 05:19:06 AM
Random Forest,Electronic,Indie Arena,9132,9683,1,55,38,41,01/27/2024 06:58:22 AM
Hello World,Jazz,DJ Tent,5696,5639,5,72,56,36,01/27/2024 09:48:17 PM
Byte Beat,Jazz,Indie Arena,4865,3236,7,55,46,30,01/29/2024 03:02:01 AM
Parallel Processors,Electronic,VIP Lounge,823,9154,6,99,53,18,01/29/2024 11:45:03 AM
The Query Strings,Rock,DJ Tent,6987,2983,4,33,32,46,01/30/2024 10:21:42 PM
Epsilon Greedy,Electronic,Main Stage,7129,9508,3,68,34,24,01/31/2024 02:11:13 PM
The Query Strings,Jazz,DJ Tent,8853,7817,9,97,27,20,02/02/2024 03:35:35 AM
Byte Beat,Electronic,VIP Lounge,2883,3588,9,97,17,30,02/02/2024 04:27:48 PM
Parallel Processors,Rock,Main Stage,9668,829,3,118,45,44,02/04/2024 05:35:33 AM
Recursive Rhythms,Hip Hop,Main Stage,2071,4278,5,95,42,37,02/04/2024 04:24:30 PM
The Algorithmics,Rock,VIP Lounge,9685,7888,6,85,56,18,02/06/2024 12:40:34 AM
The Data Wranglers,Jazz,VIP Lounge,3486,6327,1,68,24,29,02/07/2024 02:54:17 AM
The Algorithmics,Rock,VIP Lounge,9667,2466,3,92,15,26,02/07/2024 05:55:28 PM
Parallel Processors,Hip Hop,Indie Arena,4404,5969,6,98,41,41,02/09/2024 02:36:59 AM
Cache Miss,Rock,Main Stage,5616,4754,2,70,22,48,02/10/2024 04:42:38 AM
Parallel Processors,Jazz,DJ Tent,4360,2671,3,80,25,32,02/10/2024 05:26:35 PM
Segmentation Fault,Indie,Indie Arena,2344,413,7,95,56,36,02/12/2024 02:24:50 AM
Bit Rate,Jazz,Main Stage,696,3721,8,57,56,35,02/12/2024 08:19:07 PM
Neural Nets,Electronic,Indie Arena,9003,7848,2,36,20,39,02/14/2024 04:56:57 AM
Random Forest,Hip Hop,VIP Lounge,6208,8990,5,63,54,58,02/14/2024 07:05:54 AM
Segmentation Fault,Hip Hop,Indie Arena,9672,7865,2,88,17,22,02/15/2024 02:34:33 PM
Neural Nets,Electronic,VIP Lounge,9106,1350,5,32,47,19,02/16/2024 10:28:00 PM
Recursive Rhythms,Rock,VIP Lounge,5808,757,8,41,38,25,02/17/2024 09:52:46 PM
Hello World,Hip Hop,DJ Tent,5811,5733,2,49,24,38,02/18/2024 03:13:00 PM
Epsilon Greedy,Hip Hop,DJ Tent,604,5794,9,114,34,54,02/19/2024 02:02:47 PM
Epsilon Greedy,Indie,DJ Tent,1349,9084,6,42,50,37,02/20/2024 05:20:54 PM
Cache Miss,Indie,Main Stage,9042,9156,5,84,40,39,02/21/2024 04:14:22 PM
Hello World,Indie,Main Stage,4600,9453,9,98,48,52,02/22/2024 07:54:50 AM
Neural Nets,Rock,Main Stage,4369,9250,4,34,47,29,02/24/2024 01:18:37 AM
Recursive Rhythms,Electronic,VIP Lounge,351,1431,5,110,20,25,02/25/2024 06:58:22 AM
The Data Wranglers,Indie,VIP Lounge,1568,2667,1,55,56,26,02/25/2024 10:53:47 AM
Syntax Error,Electronic,Main Stage,8679,3359,6,95,34,46,02/26/2024 04:44:02 PM
Bit Rate,Indie,VIP Lounge,1170,7682,1,74,40,27,02/27/2024 06:40:54 PM
Recursive Rhythms,Indie,Main Stage,6029,151,8,41,35,29,02/29/2024 04:05:27 AM
Byte Beat,Electronic,VIP Lounge,8928,8382,9,65,17,22,02/29/2024 10:13:56 AM
The Data Wranglers,Rock,Main Stage,5580,7022,5,61,39,46,03/01/2024 06:57:59 PM
Parallel Processors,Jazz,Main Stage,352,6925,8,42,32,15,03/02/2024 01:26:42 PM
The Algorithmics,Jazz,VIP Lounge,9042,9214,8,106,34,41,03/03/2024 05:41:01 PM
Segmentation Fault,Rock,Main Stage,8891,2322,6,92,23,29,03/04/2024 10:02:29 PM
Infinite Loop,Jazz,Indie Arena,4970,6320,9,118,18,32,03/05/2024 10:28:43 PM
Cluster Funk,Jazz,Main Stage,9434,2161,9,62,18,19,03/06/2024 09:53:01 AM
Byte Beat,Jazz,VIP Lounge,3032,161,1,67,32,42,03/07/2024 11:18:53 AM
The Data Wranglers,Hip Hop,VIP Lounge,7060,8820,2,113,38,47,03/08/2024 02:19:30 PM
Segmentation Fault,Jazz,VIP Lounge,983,8503,5,93,18,48,03/10/2024 03:05:41 AM
Neural Nets,Rock,VIP Lounge,180,1350,8,116,41,35,03/10/2024 07:53:21 AM
Syntax Error,Rock,DJ Tent,3672,3765,2,58,52,16,03/11/2024 01:43:28 PM
Hello World,Rock,DJ Tent,6543,4747,1,105,37,52,03/12/2024 10:02:45 AM
Hello World,Electronic,VIP Lounge,2267,6146,3,111,48,51,03/13/2024 07:06:21 PM
Neural Nets,Rock,DJ Tent,3892,5851,7,91,27,24,03/14/2024 10:52:13 PM
Cluster Funk,Electronic,DJ Tent,8853,6275,9,61,30,16,03/15/2024 08:51:58 AM
Random Forest,Rock,DJ Tent,4784,9092,6,63,34,57,03/16/2024 09:05:51 AM
The Algorithmics,Indie,Main Stage,3380,8072,2,77,22,29,03/18/2024 02:51:50 AM
Recursive Rhythms,Electronic,VIP Lounge,7529,7669,7,45,21,53,03/18/2024 03:28:09 PM
Byte Beat,Rock,DJ Tent,3752,8930,6,117,20,24,03/19/2024 11:48:23 AM
Parallel Processors,Jazz,Indie Arena,7887,5121,8,67,22,20,03/20/2024 07:15:57 PM
The Query Strings,Electronic,DJ Tent,7021,9370,5,35,22,58,03/21/2024 10:16:58 AM
Cache Miss,Electronic,VIP Lounge,9376,6068,8,114,37,17,03/22/2024 12:59:56 PM
Cluster Funk,Hip Hop,DJ Tent,1226,9110,1,38,17,38,03/23/2024 08:08:26 PM
The Data Wranglers,Indie,VIP Lounge,5837,3864,9,52,20,46,03/25/2024 07:02:27 AM
Syntax Error,Jazz,Main Stage,1301,6143,5,92,39,38,03/25/2024 10:56:01 AM
The Algorithmics,Hip Hop,VIP Lounge,177,648,3,84,32,53,03/26/2024 05:58:30 PM
Syntax Error,Rock,DJ Tent,3487,7807,4,39,42,38,03/27/2024 07:39:22 PM
The Data Wranglers,Hip Hop,VIP Lounge,5080,3240,9,90,55,43,03/29/2024 03:07:58 AM
Epsilon Greedy,Indie,DJ Tent,9816,7153,1,108,20,27,03/29/2024 09:17:01 AM
Syntax Error,Rock,Main Stage,5406,8058,1,92,41,24,03/30/2024 09:15:23 PM
Cluster Funk,Jazz,VIP Lounge,3976,1137,7,91,57,25,03/31/2024 02:52:27 PM
Recursive Rhythms,Jazz,DJ Tent,4746,8727,3,36,45,27,04/01/2024 11:32:32 AM
Hello World,Electronic,VIP Lounge,830,9260,7,108,58,18,04/02/2024 11:41:14 AM
Syntax Error,Electronic,VIP Lounge,1070,7469,2,111,16,48,04/03/2024 11:57:59 PM
Syntax Error,Electronic,Main Stage,5232,7568,4,40,47,17,04/04/2024 10:45:44 AM
Hello World,Hip Hop,VIP Lounge,1294,3704,5,106,26,46,04/05/2024 08:04:51 PM
Byte Beat,Indie,VIP Lounge,408,8104,2,102,58,45,04/07/2024 06:46:34 AM
The Algorithmics,Electronic,Main Stage,9281,3834,6,99,30,50,04/07/2024 11:50:07 PM
Random Forest,Jazz,VIP Lounge,4689,2503,2,47,58,42,04/08/2024 02:59:09 PM
Parallel Processors,Electronic,Main Stage,5217,8337,1,52,47,37,04/09/2024 09:01:58 AM
Byte Beat,Indie,DJ Tent,9571,6396,6,73,47,18,04/11/2024 01:55:53 AM
The Algorithmics,Rock,Main Stage,2870,7833,9,98,19,29,04/11/2024 12:30:50 PM
Epsilon Greedy,Hip Hop,Indie Arena,1782,3525,7,35,19,53,04/12/2024 07:16:48 AM
Cluster Funk,Electronic,Indie Arena,2465,6079,5,89,21,30,04/13/2024 07:34:24 PM
The Algorithmics,Rock,VIP Lounge,4108,4507,4,101,26,47,04/14/2024 01:25:45 PM
Bit Rate,Electronic,DJ Tent,4889,5787,9,61,21,32,04/15/2024 10:13:45 PM
Recursive Rhythms,Electronic,Main Stage,9322,9724,5,97,18,19,04/16/2024 06:33:13 PM
Recursive Rhythms,Jazz,VIP Lounge,2366,9269,1,81,15,22,04/17/2024 09:44:28 AM
Infinite Loop,Jazz,Indie Arena,9393,4337,9,114,37,16,04/19/2024 06:18:13 AM
Segmentation Fault,Indie,VIP Lounge,7482,171,6,115,21,32,04/19/2024 09:52:59 PM
The Query Strings,Jazz,VIP Lounge,6999,6747,8,39,16,47,04/21/2024 02:17:09 AM
Byte Beat,Indie,Main Stage,6560,673,7,44,15,41,04/21/2024 02:43:33 PM
The Data Wranglers,Jazz,Indie Arena,5400,2047,4,105,54,25,04/22/2024 10:24:51 PM
The Algorithmics,Hip Hop,VIP Lounge,7875,6230,2,87,34,51,04/23/2024 10:52:10 PM
Neural Nets,Indie,VIP Lounge,1234,8683,5,102,49,16,04/24/2024 11:47:00 AM
The Algorithmics,Rock,VIP Lounge,7033,1606,6,53,19,33,04/25/2024 02:00:54 PM
The Algorithmics,Rock,VIP Lounge,5358,1148,1,103,27,15,04/26/2024 02:41:04 PM
Random Forest,Hip Hop,Main Stage,5667,6287,4,102,38,15,04/28/2024 01:26:53 AM
The Algorithmics,Hip Hop,DJ Tent,6707,9447,8,92,24,26,04/28/2024 08:03:12 PM
The Query Strings,Electronic,Main Stage,8523,3930,9,111,23,26,04/30/2024 03:38:04 AM
Parallel Processors,Jazz,VIP Lounge,3110,1184,3,85,40,23,04/30/2024 11:18:43 PM
Cache Miss,Rock,DJ Tent,3378,3191,2,88,58,32,05/02/2024 05:31:25 AM
Parallel Processors,Jazz,DJ Tent,6066,1939,8,92,31,40,05/02/2024 12:29:58 PM
The Data Wranglers,Indie,VIP Lounge,4789,249,7,71,34,41,05/03/2024 08:45:24 AM
Infinite Loop,Electronic,Main Stage,1295,6089,8,45,30,59,05/04/2024 08:24:19 PM
Segmentation Fault,Jazz,DJ Tent,3255,7583,1,54,41,40,05/05/2024 05:19:13 PM
Epsilon Greedy,Jazz,VIP Lounge,7695,3773,4,53,56,56,05/06/2024 07:39:30 AM
The Data Wranglers,Rock,DJ Tent,4601,9715,9,115,58,53,05/08/2024 01:40:09 AM
Infinite Loop,Electronic,Indie Arena,7157,4288,3,41,16,38,05/08/2024 05:42:30 PM
The Query Strings,Rock,Indie Arena,8038,8839,8,48,36,36,05/09/2024 10:15:31 PM
Epsilon Greedy,Electronic,VIP Lounge,7976,8890,9,113,16,23,05/10/2024 04:34:23 PM
Random Forest,Jazz,Indie Arena,6540,1972,4,44,51,22,05/12/2024 04:50:17 AM
The Algorithmics,Indie,VIP Lounge,2567,6838,3,31,31,58,05/12/2024 07:12:07 PM
Cache Miss,Electronic,Main Stage,4083,2151,8,46,20,57,05/13/2024 06:38:31 PM
Syntax Error,Hip Hop,DJ Tent,8263,5385,8,73,49,40,05/15/2024 05:49:53 AM
Random Forest,Jazz,Main Stage,5730,4594,9,65,24,52,05/15/2024 08:00:04 PM
Segmentation Fault,Hip Hop,VIP Lounge,8136,193,8,49,31,28,05/17/2024 12:08:16 AM
Byte Beat,Rock,Main Stage,1425,1102,1,89,48,58,05/18/2024 06:38:15 AM
Cluster Funk,Rock,VIP Lounge,9363,5786,3,83,28,18,05/19/2024 04:32:50 AM
Cache Miss,Jazz,DJ Tent,7026,1103,9,63,22,16,05/19/2024 02:33:10 PM
The Data Wranglers,Jazz,VIP Lounge,8852,9200,8,64,29,31,05/20/2024 05:09:27 PM
Random Forest,Hip Hop,VIP Lounge,2483,1588,9,69,19,32,05/21/2024 02:36:37 PM
Neural Nets,Electronic,DJ Tent,8018,4334,6,103,49,49,05/22/2024 11:00:12 PM
The Data Wranglers,Hip Hop,VIP Lounge,6124,2902,8,91,20,43,05/23/2024 09:41:50 PM
Segmentation Fault,Hip Hop,Main Stage,9592,4953,2,105,44,27,05/24/2024 07:17:57 PM
Hello World,Electronic,Main Stage,9743,1909,8,58,44,44,05/25/2024 02:55:34 PM
Cache Miss,Indie,VIP Lounge,3217,798,5,30,39,49,05/26/2024 11:00:37 AM
Byte Beat,Hip Hop,DJ Tent,7810,670,6,49,28,42,05/27/2024 08:06:46 PM
Bit Rate,Jazz,DJ Tent,896,9221,8,71,51,29,05/29/2024 12:35:49 AM
Cache Miss,Rock,DJ Tent,4524,1292,4,43,47,24,05/29/2024 12:00:06 PM
The Query Strings,Electronic,Main Stage,3335,5751,6,56,50,50,05/31/2024 12:48:20 AM
Syntax Error,Electronic,Indie Arena,1736,9492,1,90,36,33,05/31/2024 06:34:29 PM
Segmentation Fault,Hip Hop,DJ Tent,4407,680,7,108,52,40,06/01/2024 03:18:19 PM
The Data Wranglers,Rock,Indie Arena,5675,4693,9,35,45,59,06/02/2024 10:44:18 AM
Cluster Funk,Rock,Indie Arena,2410,8349,3,114,21,36,06/04/2024 06:56:56 AM
Neural Nets,Electronic,Main Stage,5391,3925,1,85,32,50,06/04/2024 08:23:00 PM
Infinite Loop,Electronic,Main Stage,1818,2043,9,112,52,46,06/05/2024 05:32:32 PM
Cache Miss,Hip Hop,VIP Lounge,9383,5273,7,72,24,33,06/07/2024 12:07:04 AM
The Algorithmics,Electronic,Main Stage,6689,8917,2,84,15,35,06/08/2024 04:30:29 AM
Cache Miss,Electronic,Indie Arena,8501,5913,4,106,25,56,06/08/2024 10:26:26 PM
Bit Rate,Electronic,Indie Arena,391,5900,9,35,36,57,06/09/2024 09:47:31 AM
Parallel Processors,Indie,Indie Arena,5213,7695,2,61,18,24,06/10/2024 11:56:58 AM
Segmentation Fault,Indie,Indie Arena,7228,4126,2,45,34,19,06/12/2024 12:26:56 AM
Syntax Error,Indie,Indie Arena,1682,9103,3,72,48,49,06/12/2024 09:54:46 PM
Epsilon Greedy,Jazz,VIP Lounge,2696,8864,8,42,21,32,06/13/2024 11:40:12 AM
Hello World,Rock,Main Stage,818,993,4,82,24,45,06/14/2024 06:07:09 PM
Epsilon Greedy,Jazz,Indie Arena,2242,654,8,107,57,21,06/16/2024 03:20:54 AM
Cache Miss,Hip Hop,VIP Lounge,2753,9433,3,78,32,32,06/16/2024 07:45:34 PM
Hello World,Jazz,Main Stage,955,8471,3,69,58,17,06/17/2024 11:24:21 PM
Segmentation Fault,Electronic,VIP Lounge,2291,1397,8,72,53,58,06/19/2024 04:59:59 AM
The Algorithmics,Hip Hop,Indie Arena,2161,4589,7,64,38,35,06/20/2024 06:55:30 AM
The Data Wranglers,Indie,Indie Arena,6927,8276,8,58,27,40,06/21/2024 04:36:57 AM
Infinite Loop,Rock,Indie Arena,9584,5132,7,30,44,25,06/21/2024 08:20:37 PM
Hello World,Electronic,VIP Lounge,9136,3369,8,88,31,49,06/23/2024 05:13:40 AM
The Algorithmics,Rock,VIP Lounge,9607,6144,1,45,21,34,06/23/2024 12:37:54 PM
Epsilon Greedy,Rock,Indie Arena,6788,9084,8,87,54,37,06/24/2024 02:13:49 PM
Neural Nets,Hip Hop,VIP Lounge,5774,2135,6,51,44,28,06/26/2024 01:29:40 AM
Epsilon Greedy,Hip Hop,Main Stage,2730,8862,3,62,36,55,06/27/2024 06:58:51 AM
Byte Beat,Electronic,Indie Arena,9014,2224,9,117,24,29,06/27/2024 08:13:59 PM
Segmentation Fault,Indie,DJ Tent,1519,5789,4,90,46,15,06/29/2024 12:17:33 AM
The Algorithmics,Jazz,Indie Arena,6434,2513,2,69,53,28,06/30/2024 03:44:12 AM
Epsilon Greedy,Electronic,Indie Arena,7099,6243,4,63,39,42,07/01/2024 12:27:30 AM
Syntax Error,Indie,Main Stage,8547,6631,4,64,20,40,07/02/2024 01:35:10 AM
Syntax Error,Rock,Main Stage,3703,2120,3,97,48,55,07/02/2024 11:13:44 AM
Neural Nets,Electronic,Main Stage,2006,9198,4,62,50,55,07/03/2024 06:38:11 PM
Random Forest,Jazz,VIP Lounge,6417,2743,8,112,37,41,07/05/2024 06:38:02 AM
Random Forest,Rock,Indie Arena,867,1787,8,46,37,49,07/05/2024 01:00:10 PM
Syntax Error,Jazz,Indie Arena,6158,964,7,32,38,22,07/06/2024 09:13:43 AM
Segmentation Fault,Electronic,DJ Tent,5279,5684,9,102,19,15,07/07/2024 08:33:44 PM
The Data Wranglers,Rock,Indie Arena,6396,6187,9,65,42,41,07/08/2024 09:42:26 PM
Epsilon Greedy,Electronic,Main Stage,9874,234,7,59,51,51,07/09/2024 07:28:52 PM
Cluster Funk,Indie,Indie Arena,393,1956,9,54,22,22,07/10/2024 04:45:11 PM
Syntax Error,Electronic,VIP Lounge,6823,6482,5,112,22,34,07/12/2024 03:07:22 AM
Hello World,Hip Hop,VIP Lounge,7456,3520,5,111,52,35,07/13/2024 12:03:41 AM
The Query Strings,Electronic,DJ Tent,6416,4628,4,59,19,46,07/13/2024 10:27:26 AM
Neural Nets,Hip Hop,DJ Tent,6544,2538,4,116,56,23,07/14/2024 03:14:23 PM
Recursive Rhythms,Hip Hop,Indie Arena,2893,7343,8,105,32,36,07/15/2024 02:19:08 PM
Infinite Loop,Rock,Main Stage,4359,8976,6,74,41,30,07/17/2024 04:25:32 AM
Infinite Loop,Hip Hop,VIP Lounge,762,8285,1,54,30,21,07/18/2024 05:23:42 AM
Epsilon Greedy,Rock,Main Stage,804,6488,3,102,24,57,07/18/2024 08:44:38 PM
Segmentation Fault,Jazz,Indie Arena,6588,6039,2,72,37,30,07/19/2024 10:15:21 AM
Byte Beat,Rock,Main Stage,7397,7823,9,52,37,41,07/20/2024 04:03:10 PM
Cluster Funk,Hip Hop,Main Stage,1225,9202,2,112,59,57,07/22/2024 06:37:25 AM
Parallel Processors,Hip Hop,Indie Arena,9120,7831,5,76,31,45,07/23/2024 12:56:45 AM
Parallel Processors,Hip Hop,Indie Arena,6795,9294,4,67,43,58,07/23/2024 06:47:03 PM
Neural Nets,Electronic,VIP Lounge,523,4871,4,81,37,38,07/24/2024 04:42:43 PM
Hello World,Indie,VIP Lounge,1867,2183,3,113,25,24,07/25/2024 07:20:40 AM
Recursive Rhythms,Hip Hop,Indie Arena,7577,950,5,70,47,15,07/26/2024 09:35:54 PM
The Algorithmics,Indie,Indie Arena,6426,2920,9,100,34,47,07/27/2024 08:00:21 AM
Parallel Processors,Indie,DJ Tent,7925,7116,7,85,54,15,07/29/2024 06:36:08 AM
Recursive Rhythms,Electronic,DJ Tent,7244,7365,1,37,36,30,07/29/2024 01:45:23 PM
The Query Strings,Electronic,DJ Tent,9582,6300,8,96,59,38,07/31/2024 12:21:48 AM
Cluster Funk,Rock,DJ Tent,7538,59,4,106,23,34,08/01/2024 05:30:27 AM
Byte Beat,Electronic,Main Stage,7497,3654,6,36,20,41,08/01/2024 04:53:17 PM
The Algorithmics,Indie,DJ Tent,5357,1104,6,112,19,41,08/02/2024 02:37:08 PM
The Query Strings,Rock,Indie Arena,3978,6035,2,42,26,31,08/03/2024 07:27:39 AM
Bit Rate,Hip Hop,Indie Arena,6548,2745,2,108,15,36,08/04/2024 04:38:22 PM
Cluster Funk,Jazz,VIP Lounge,732,5847,2,77,33,20,08/06/2024 04:05:15 AM
Neural Nets,Hip Hop,VIP Lounge,8407,6950,3,54,26,36,08/06/2024 09:51:57 AM
Byte Beat,Jazz,Indie Arena,7578,5448,1,101,58,15,08/07/2024 10:28:39 AM
The Data Wranglers,Rock,Main Stage,1943,5708,9,71,25,32,08/09/2024 03:36:48 AM
Infinite Loop,Electronic,DJ Tent,2596,2504,9,43,48,21,08/10/2024 03:55:03 AM
Hello World,Indie,Indie Arena,9891,1865,2,97,24,53,08/11/2024 12:00:32 AM
Neural Nets,Rock,Main Stage,4477,5257,8,92,41,17,08/12/2024 02:22:52 AM
The Algorithmics,Hip Hop,DJ Tent,4237,4735,3,101,37,33,08/12/2024 08:57:11 AM
Cluster Funk,Rock,VIP Lounge,9454,4170,5,83,39,58,08/13/2024 09:18:58 AM
The Data Wranglers,Hip Hop,Indie Arena,6571,6618,2,114,18,16,08/15/2024 05:18:53 AM
Infinite Loop,Jazz,Main Stage,5895,7028,3,118,52,59,08/15/2024 09:20:36 AM
Recursive Rhythms,Electronic,Indie Arena,5570,4753,8,49,21,21,08/16/2024 03:20:45 PM
Cluster Funk,Jazz,Main Stage,8112,2703,5,119,15,42,08/17/2024 09:11:16 AM
Infinite Loop,Indie,VIP Lounge,5533,7907,1,72,55,17,08/18/2024 08:36:06 AM
The Algorithmics,Hip Hop,Main Stage,7429,4609,4,39,29,35,08/19/2024 05:31:21 PM
Random Forest,Indie,Main Stage,9564,9540,5,47,39,21,08/21/2024 06:24:31 AM
Parallel Processors,Rock,VIP Lounge,8999,1622,7,92,41,42,08/21/2024 05:08:10 PM
Parallel Processors,Jazz,Indie Arena,7127,8857,7,100,25,23,08/22/2024 09:09:09 AM
Recursive Rhythms,Indie,Indie Arena,3321,3625,7,50,59,16,08/23/2024 08:03:23 AM
Hello World,Hip Hop,DJ Tent,2955,7649,7,96,37,34,08/24/2024 07:17:55 PM
Byte Beat,Rock,Main Stage,3954,874,2,61,48,39,08/25/2024 09:07:02 AM
Segmentation Fault,Hip Hop,VIP Lounge,6627,1837,5,78,22,46,08/26/2024 10:44:19 AM
Cluster Funk,Rock,Indie Arena,5675,7397,3,116,33,30,08/27/2024 06:26:37 PM
Byte Beat,Hip Hop,VIP Lounge,5130,5567,9,36,57,44,08/28/2024 07:32:55 PM
The Algorithmics,Hip Hop,Indie Arena,1189,8645,3,83,43,31,08/29/2024 11:21:00 AM
Cluster Funk,Indie,Indie Arena,3358,8563,2,112,36,32,08/30/2024 11:00:39 PM
Syntax Error,Indie,Main Stage,5126,3372,9,115,49,49,08/31/2024 07:22:23 PM
Cache Miss,Hip Hop,Main Stage,7268,1631,2,79,15,55,09/01/2024 02:42:40 PM
Epsilon Greedy,Indie,Indie Arena,2509,3035,8,98,56,17,09/02/2024 09:32:18 PM
Recursive Rhythms,Indie,Main Stage,9610,2382,5,102,46,42,09/03/2024 09:40:40 AM
Neural Nets,Electronic,VIP Lounge,3772,1644,1,112,20,23,09/04/2024 06:11:17 PM
Cluster Funk,Rock,Indie Arena,4924,437,7,49,40,55,09/05/2024 10:03:44 AM
Random Forest,Jazz,Indie Arena,9333,1387,5,115,58,48,09/07/2024 06:39:48 AM
Cluster Funk,Rock,DJ Tent,9750,936,3,105,48,26,09/08/2024 12:09:26 AM
Recursive Rhythms,Rock,DJ Tent,1330,462,4,106,46,26,09/08/2024 01:53:37 PM
Cluster Funk,Rock,DJ Tent,6600,221,5,68,50,39,09/10/2024 06:49:13 AM
Segmentation Fault,Indie,Indie Arena,1597,4144,7,35,34,35,09/10/2024 06:14:40 PM
Bit Rate,Jazz,DJ Tent,2717,2993,6,31,44,43,09/12/2024 05:07:38 AM
Random Forest,Hip Hop,VIP Lounge,1250,7438,2,70,37,53,09/12/2024 10:59:24 PM
Neural Nets,Rock,DJ Tent,8973,2363,5,70,51,45,09/13/2024 12:25:42 PM
The Algorithmics,Rock,DJ Tent,6600,8230,2,66,22,46,09/14/2024 02:43:04 PM
Segmentation Fault,Jazz,Indie Arena,8086,4468,1,69,23,22,09/15/2024 10:23:53 AM
Syntax Error,Rock,Indie Arena,8420,2063,4,72,17,57,09/16/2024 12:35:21 PM
The Query Strings,Indie,DJ Tent,7020,4365,6,108,38,23,09/17/2024 11:04:54 AM
Infinite Loop,Indie,Main Stage,4414,9548,9,59,58,57,09/19/2024 03:07:55 AM
Neural Nets,Jazz,Main Stage,5456,7995,7,81,18,55,09/19/2024 11:52:18 AM
Neural Nets,Indie,Indie Arena,9862,6712,8,98,26,20,09/20/2024 07:56:24 PM
Cache Miss,Electronic,VIP Lounge,1283,9289,2,52,34,17,09/21/2024 10:25:35 PM
Syntax Error,Electronic,DJ Tent,8125,2216,1,56,23,37,09/22/2024 01:09:02 PM
Cache Miss,Jazz,Indie Arena,1731,2689,5,99,15,17,09/23/2024 09:32:36 PM
The Query Strings,Hip Hop,VIP Lounge,3177,4320,4,41,53,56,09/24/2024 10:22:40 AM
The Query Strings,Electronic,Main Stage,1202,7295,4,34,47,36,09/25/2024 10:01:37 PM
Segmentation Fault,Hip Hop,VIP Lounge,3554,9522,9,59,49,27,09/26/2024 01:00:32 PM
Cache Miss,Electronic,DJ Tent,9589,3429,2,70,35,37,09/27/2024 11:23:09 PM
Cache Miss,Hip Hop,VIP Lounge,737,4664,7,57,42,24,09/29/2024 06:47:42 AM
Recursive Rhythms,Rock,Main Stage,1638,2575,2,102,52,47,09/29/2024 07:02:56 PM
Parallel Processors,Indie,Main Stage,4622,4215,5,80,29,48,09/30/2024 11:50:26 PM
Bit Rate,Rock,Indie Arena,9631,6706,5,66,32,22,10/01/2024 07:36:27 PM
Cache Miss,Indie,VIP Lounge,2227,6620,5,30,48,26,10/02/2024 12:48:21 PM
Neural Nets,Electronic,Indie Arena,9698,7477,7,71,45,16,10/03/2024 10:22:46 PM
Random Forest,Electronic,VIP Lounge,1970,3151,3,31,33,30,10/04/2024 10:20:12 AM
Infinite Loop,Electronic,DJ Tent,4843,1031,2,61,29,49,10/06/2024 05:21:34 AM
Recursive Rhythms,Electronic,DJ Tent,3176,1786,9,56,54,19,10/06/2024 01:57:03 PM
Cluster Funk,Indie,VIP Lounge,2642,1568,8,89,37,40,10/08/2024 06:57:40 AM
Random Forest,Indie,Indie Arena,2069,7867,7,91,47,19,10/08/2024 08:55:33 PM
Epsilon Greedy,Rock,VIP Lounge,8289,2340,1,38,44,36,10/09/2024 10:23:51 AM
Syntax Error,Rock,VIP Lounge,2345,357,1,39,58,26,10/10/2024 11:23:21 PM
Cluster Funk,Indie,VIP Lounge,9961,7162,5,94,44,28,10/11/2024 09:41:30 PM
The Query Strings,Rock,Indie Arena,795,1121,3,70,19,48,10/12/2024 03:25:46 PM
The Query Strings,Rock,Main Stage,5039,7132,8,85,52,47,10/13/2024 07:22:19 AM
Segmentation Fault,Rock,VIP Lounge,3622,5585,8,103,39,53,10/14/2024 04:35:14 PM
Cache Miss,Rock,VIP Lounge,6158,796,6,61,26,37,10/16/2024 05:26:02 AM
Byte Beat,Rock,DJ Tent,653,6217,5,40,32,27,10/17/2024 06:38:18 AM
Segmentation Fault,Electronic,VIP Lounge,5995,3667,9,112,55,26,10/17/2024 03:27:10 PM
Random Forest,Electronic,VIP Lounge,8928,3717,6,47,15,50,10/19/2024 06:28:30 AM
Syntax Error,Electronic,Indie Arena,3722,8721,1,92,28,54,10/20/2024 07:04:41 AM
Neural Nets,Rock,DJ Tent,6662,1967,6,33,34,57,10/20/2024 11:19:26 PM
Parallel Processors,Indie,Indie Arena,5662,5720,7,89,58,22,10/21/2024 09:27:15 PM
Hello World,Rock,Main Stage,5448,5147,4,93,31,23,10/22/2024 08:03:25 AM
The Query Strings,Indie,DJ Tent,4710,4492,8,51,40,42,10/23/2024 03:31:29 PM
Byte Beat,Hip Hop,Indie Arena,8777,1479,6,63,18,31,10/24/2024 09:28:54 PM
The Algorithmics,Hip Hop,VIP Lounge,7871,8739,3,64,44,29,10/25/2024 11:57:06 PM
The Query Strings,Indie,Indie Arena,4840,3104,2,72,46,45,10/26/2024 04:10:41 PM
Epsilon Greedy,Hip Hop,Indie Arena,6037,5934,9,94,17,41,10/27/2024 02:07:14 PM
Parallel Processors,Hip Hop,VIP Lounge,7802,8744,2,91,48,30,10/29/2024 03:03:32 AM
The Query Strings,Electronic,VIP Lounge,9203,1170,2,65,52,20,10/30/2024 06:28:01 AM
Hello World,Electronic,Main Stage,8048,4772,6,69,34,53,10/31/2024 12:21:08 AM
The Data Wranglers,Hip Hop,Main Stage,4510,5598,7,51,17,42,10/31/2024 10:37:01 PM
Hello World,Hip Hop,DJ Tent,7363,4960,1,101,24,45,11/01/2024 09:00:10 PM
Hello World,Rock,Main Stage,6520,5723,7,34,39,30,11/02/2024 07:20:26 PM
Cache Miss,Indie,DJ Tent,5012,3363,8,92,17,58,11/03/2024 08:58:33 AM
The Data Wranglers,Jazz,VIP Lounge,6177,3066,6,95,50,33,11/04/2024 10:20:59 AM
Cache Miss,Indie,Indie Arena,2852,8802,4,95,53,26,11/06/2024 01:07:45 AM
Neural Nets,Electronic,VIP Lounge,8566,5138,6,65,45,23,11/07/2024 03:09:33 AM
Infinite Loop,Jazz,Indie Arena,3293,6179,6,57,19,38,11/08/2024 01:34:36 AM
Byte Beat,Jazz,Main Stage,8296,4522,2,55,57,26,11/08/2024 03:31:36 PM
Cluster Funk,Electronic,Main Stage,9460,6643,4,36,47,40,11/10/2024 02:41:07 AM
The Algorithmics,Jazz,Main Stage,1057,8003,4,40,41,31,11/10/2024 03:44:29 PM
The Data Wranglers,Indie,VIP Lounge,2840,1762,8,69,46,20,11/11/2024 06:05:38 PM
Segmentation Fault,Electronic,Indie Arena,1853,1705,5,32,27,15,11/13/2024 01:52:38 AM
Random Forest,Jazz,DJ Tent,3683,8336,6,42,33,19,11/14/2024 01:54:49 AM
Hello World,Jazz,DJ Tent,9524,1065,9,57,47,52,11/14/2024 03:19:13 PM
Epsilon Greedy,Electronic,VIP Lounge,3908,4657,8,81,36,57,11/15/2024 11:53:29 AM
The Algorithmics,Electronic,VIP Lounge,3769,9636,9,88,40,55,11/16/2024 04:37:50 PM
Segmentation Fault,Indie,Main Stage,2594,3023,3,93,30,48,11/17/2024 04:19:23 PM
The Algorithmics,Electronic,Indie Arena,6303,8780,5,40,29,59,11/18/2024 10:39:10 PM
Bit Rate,Electronic,Indie Arena,713,70,6,84,46,55,11/19/2024 12:41:27 PM
Cache Miss,Jazz,DJ Tent,9937,8790,2,60,29,45,11/20/2024 10:09:53 AM
Infinite Loop,Rock,Main Stage,2509,7526,7,46,27,17,11/21/2024 11:34:56 PM
The Algorithmics,Electronic,Main Stage,4027,1127,9,36,39,58,11/23/2024 12:00:33 AM
Byte Beat,Electronic,DJ Tent,7638,6922,1,97,24,55,11/23/2024 11:31:42 AM
Epsilon Greedy,Indie,Main Stage,8383,7727,4,64,39,34,11/25/2024 05:09:46 AM
Cluster Funk,Jazz,VIP Lounge,3559,9588,2,46,42,31,11/25/2024 09:22:52 PM
The Data Wranglers,Rock,DJ Tent,6279,8683,6,61,19,29,11/26/2024 11:36:59 AM
Epsilon Greedy,Jazz,DJ Tent,770,3618,4,51,25,48,11/27/2024 08:13:30 AM
The Algorithmics,Electronic,Indie Arena,663,5625,3,43,40,18,11/28/2024 07:26:11 PM
Hello World,Electronic,Indie Arena,8636,6844,8,63,57,32,11/29/2024 11:35:21 PM
The Algorithmics,Rock,Indie Arena,6961,424,7,32,28,45,11/30/2024 11:38:34 PM
Parallel Processors,Rock,DJ Tent,9415,3117,7,85,37,58,12/01/2024 10:06:26 PM
The Query Strings,Hip Hop,Main Stage,6439,8051,8,95,54,58,12/02/2024 09:15:31 AM
Cache Miss,Rock,VIP Lounge,2780,6413,8,31,56,57,12/03/2024 01:08:20 PM
Cluster Funk,Electronic,DJ Tent,2252,1997,7,108,39,24,12/04/2024 06:28:02 PM
Neural Nets,Electronic,Main Stage,8087,4122,3,71,59,53,12/06/2024 03:17:10 AM
Parallel Processors,Rock,Indie Arena,8657,9466,6,42,57,39,12/06/2024 06:55:20 PM
Recursive Rhythms,Jazz,Indie Arena,1053,6910,1,44,37,30,12/08/2024 01:13:58 AM
Syntax Error,Hip Hop,DJ Tent,9766,1591,5,47,25,51,12/08/2024 07:31:24 PM
The Algorithmics,Rock,DJ Tent,7906,2841,5,49,58,46,12/09/2024 08:52:12 PM
Epsilon Greedy,Hip Hop,Indie Arena,3598,2371,5,45,43,48,12/10/2024 10:49:21 PM
The Query Strings,Rock,Main Stage,8688,8382,7,53,27,47,12/11/2024 09:17:27 AM
Random Forest,Hip Hop,Main Stage,1746,6682,8,62,57,28,12/12/2024 12:34:28 PM
Infinite Loop,Hip Hop,Main Stage,8990,6841,1,99,22,58,12/13/2024 03:29:20 PM
Neural Nets,Electronic,DJ Tent,1201,6235,4,97,25,54,12/15/2024 06:56:14 AM
Byte Beat,Rock,Indie Arena,2284,6749,9,42,46,59,12/16/2024 05:43:07 AM
Syntax Error,Electronic,Indie Arena,7927,7308,1,43,23,46,12/17/2024 06:54:10 AM
Hello World,Indie,Indie Arena,8934,5676,5,117,32,40,12/17/2024 12:24:22 PM
Bit Rate,Indie,DJ Tent,4938,2158,7,65,37,48,12/19/2024 12:44:26 AM
Recursive Rhythms,Hip Hop,Main Stage,7634,6942,8,40,59,53,12/19/2024 12:18:26 PM
Neural Nets,Rock,Indie Arena,4364,9207,1,90,23,43,12/20/2024 02:28:46 PM
Cluster Funk,Electronic,DJ Tent,6217,651,4,84,57,47,12/21/2024 11:17:34 PM
Syntax Error,Electronic,VIP Lounge,936,4820,1,107,24,31,12/22/2024 07:41:16 AM
Syntax Error,Jazz,Indie Arena,8589,5548,4,36,25,27,12/23/2024 03:57:06 PM
Epsilon Greedy,Jazz,Main Stage,8117,7524,7,92,16,38,12/24/2024 09:06:15 AM
Cache Miss,Indie,Indie Arena,4886,1472,5,64,40,20,12/26/2024 02:34:39 AM
Hello World,Hip Hop,DJ Tent,6406,1678,5,67,56,49,12/26/2024 07:21:28 AM
Recursive Rhythms,Rock,Main Stage,1848,2014,5,60,38,18,12/28/2024 03:36:53 AM
Parallel Processors,Electronic,VIP Lounge,342,4574,1,107,24,49,12/29/2024 01:56:59 AM
Recursive Rhythms,Hip Hop,DJ Tent,9763,7359,8,46,54,48,12/29/2024 09:27:19 AM
Byte Beat,Hip Hop,VIP Lounge,5696,8481,6,67,54,59,12/30/2024 07:28:53 AM
Segmentation Fault,Rock,DJ Tent,4631,6054,1,108,37,31,12/31/2024 05:32:39 PM
Recursive Rhythms,Jazz,Main Stage,9957,6131,6,63,33,25,01/02/2025 05:54:01 AM
Syntax Error,Rock,DJ Tent,4948,810,8,61,49,27,01/03/2025 12:14:47 AM
Cluster Funk,Electronic,Main Stage,5192,6433,8,61,54,24,01/04/2025 01:20:44 AM
Random Forest,Indie,Indie Arena,9094,7192,8,45,45,17,01/04/2025 11:43:28 AM
The Query Strings,Jazz,VIP Lounge,6274,455,8,86,16,51,01/05/2025 06:10:09 PM
Infinite Loop,Electronic,DJ Tent,4644,6579,9,40,55,29,01/07/2025 03:37:47 AM
Cache Miss,Rock,Main Stage,5521,7120,9,61,51,44,01/07/2025 04:52:18 PM
The Query Strings,Electronic,Indie Arena,8473,9571,2,70,29,39,01/08/2025 07:05:58 PM
Infinite Loop,Indie,Indie Arena,267,2943,1,102,20,54,01/09/2025 01:58:59 PM
The Data Wranglers,Jazz,DJ Tent,1872,690,9,117,37,24,01/10/2025 10:44:20 AM
Infinite Loop,Rock,VIP Lounge,9941,4407,2,92,57,40,01/12/2025 06:17:37 AM
Byte Beat,Rock,DJ Tent,1043,3753,3,48,56,18,01/12/2025 03:17:30 PM
Segmentation Fault,Electronic,Main Stage,7309,8276,8,82,48,39,01/14/2025 01:07:13 AM
Neural Nets,Electronic,DJ Tent,8210,8246,1,67,38,25,01/14/2025 09:21:43 PM
Parallel Processors,Electronic,VIP Lounge,1830,6402,1,90,32,16,01/15/2025 07:31:10 AM
Parallel Processors,Hip Hop,Main Stage,6727,8666,4,75,37,29,01/16/2025 09:03:27 PM
Random Forest,Rock,DJ Tent,3158,8658,5,69,38,15,01/18/2025 01:34:08 AM
Segmentation Fault,Electronic,DJ Tent,2097,3701,9,49,40,54,01/18/2025 03:54:54 PM
Parallel Processors,Hip Hop,DJ Tent,1008,6172,8,32,20,57,01/20/2025 01:19:04 AM
Cluster Funk,Hip Hop,Indie Arena,1070,1979,9,101,21,41,01/21/2025 12:21:27 AM
Cache Miss,Indie,Main Stage,6513,1646,5,78,37,29,01/22/2025 04:12:38 AM
Cluster Funk,Indie,Main Stage,3919,737,7,41,20,43,01/23/2025 01:24:54 AM
Neural Nets,Hip Hop,DJ Tent,3169,9304,7,32,28,45,01/23/2025 10:21:30 AM
Recursive Rhythms,Hip Hop,DJ Tent,5358,7957,5,75,25,27,01/24/2025 11:22:36 PM
Epsilon Greedy,Indie,VIP Lounge,793,9251,6,58,21,32,01/26/2025 03:17:46 AM
Syntax Error,Hip Hop,VIP Lounge,8705,4564,9,47,45,42,01/26/2025 09:27:06 PM
Epsilon Greedy,Indie,DJ Tent,7228,2831,2,79,33,15,01/27/2025 12:34:05 PM
Segmentation Fault,Rock,VIP Lounge,8840,6255,6,59,31,28,01/28/2025 11:00:46 PM
Bit Rate,Rock,VIP Lounge,3228,150,3,48,36,18,01/29/2025 10:18:12 PM
Hello World,Hip Hop,VIP Lounge,7535,256,8,83,29,36,01/31/2025 01:00:13 AM
The Algorithmics,Jazz,VIP Lounge,1425,1852,2,83,24,19,02/01/2025 04:35:26 AM
The Query Strings,Jazz,Main Stage,1843,2913,8,68,16,44,02/01/2025 10:39:17 PM
The Data Wranglers,Rock,DJ Tent,9327,3250,3,53,51,52,02/03/2025 06:34:17 AM
Segmentation Fault,Electronic,DJ Tent,2091,8702,7,31,45,59,02/04/2025 01:14:34 AM
Byte Beat,Indie,DJ Tent,5558,5504,9,43,48,35,02/04/2025 02:52:30 PM
Epsilon Greedy,Rock,Main Stage,7320,3321,7,38,16,28,02/06/2025 12:08:02 AM
Bit Rate,Rock,DJ Tent,8408,5009,6,81,15,39,02/06/2025 07:56:50 PM
Cluster Funk,Electronic,Main Stage,8696,4025,7,84,40,47,02/07/2025 04:53:07 PM
Neural Nets,Rock,Indie Arena,801,7135,4,94,39,16,02/08/2025 01:43:04 PM
The Algorithmics,Rock,Indie Arena,5757,4709,6,65,34,26,02/09/2025 12:51:09 PM
Recursive Rhythms,Hip Hop,VIP Lounge,7827,2008,7,116,37,57,02/11/2025 03:31:34 AM
Hello World,Hip Hop,Main Stage,4781,6616,3,79,21,48,02/12/2025 01:53:20 AM
The Data Wranglers,Electronic,Indie Arena,9311,3357,4,97,23,53,02/12/2025 09:00:53 PM
The Query Strings,Jazz,VIP Lounge,9005,1860,3,76,49,27,02/14/2025 12:47:12 AM
Cluster Funk,Hip Hop,DJ Tent,6273,5756,8,80,53,40,02/15/2025 04:00:46 AM
Infinite Loop,Jazz,VIP Lounge,6501,7138,7,95,53,30,02/15/2025 07:03:31 PM
Byte Beat,Indie,VIP Lounge,6312,6684,6,52,49,53,02/16/2025 08:54:25 PM
The Query Strings,Jazz,Indie Arena,2192,566,3,60,52,45,02/17/2025 01:39:38 PM
Bit Rate,Jazz,Main Stage,715,7676,4,73,27,20,02/18/2025 11:20:27 AM
Hello World,Jazz,Indie Arena,7552,5196,1,47,18,29,02/19/2025 09:02:44 AM
Neural Nets,Jazz,DJ Tent,604,3973,5,65,36,29,02/20/2025 08:39:35 AM
Neural Nets,Jazz,Indie Arena,6398,8246,7,91,19,17,02/22/2025 12:04:11 AM
Epsilon Greedy,Indie,Indie Arena,5100,5725,2,91,33,30,02/22/2025 05:59:34 PM
The Algorithmics,Rock,VIP Lounge,1444,5668,6,90,55,28,02/23/2025 04:00:03 PM
Hello World,Rock,DJ Tent,8000,4025,7,102,30,42,02/25/2025 02:23:16 AM
The Query Strings,Indie,Indie Arena,1975,324,8,92,42,26,02/26/2025 01:48:07 AM
The Algorithmics,Indie,VIP Lounge,6017,5053,7,52,40,38,02/26/2025 04:52:46 PM
Bit Rate,Jazz,VIP Lounge,6919,8599,6,66,53,40,02/28/2025 01:02:22 AM
Recursive Rhythms,Electronic,Indie Arena,3501,570,3,114,16,42,02/28/2025 10:09:39 PM
Epsilon Greedy,Hip Hop,Indie Arena,5012,2450,5,39,34,41,03/02/2025 02:01:17 AM
Byte Beat,Rock,VIP Lounge,3998,6258,6,81,57,42,03/03/2025 05:36:13 AM
Parallel Processors,Hip Hop,Main Stage,4531,5869,6,86,52,55,03/03/2025 06:20:58 PM
Segmentation Fault,Electronic,Indie Arena,6909,2421,5,37,17,26,03/05/2025 02:25:59 AM
The Data Wranglers,Hip Hop,Main Stage,1463,6830,1,32,26,22,03/05/2025 08:13:37 AM
Byte Beat,Jazz,Indie Arena,7385,2467,3,82,20,46,03/06/2025 11:20:35 AM
The Algorithmics,Indie,Main Stage,8067,6636,7,88,18,17,03/07/2025 07:31:38 PM
The Query Strings,Hip Hop,DJ Tent,6854,5122,2,66,58,31,03/08/2025 12:41:13 PM
The Query Strings,Jazz,VIP Lounge,5148,613,9,83,37,19,03/10/2025 12:12:44 AM
The Data Wranglers,Indie,Indie Arena,8186,7195,4,58,33,51,03/10/2025 05:40:35 PM
Cache Miss,Indie,VIP Lounge,400,7993,2,100,15,41,03/11/2025 06:40:06 PM
The Data Wranglers,Electronic,Main Stage,8389,2806,8,110,39,29,03/13/2025 04:42:42 AM
The Query Strings,Hip Hop,Main Stage,4669,1728,4,77,41,48,03/13/2025 02:10:38 PM
Segmentation Fault,Jazz,VIP Lounge,7196,1458,9,36,16,55,03/14/2025 03:24:21 PM
Epsilon Greedy,Electronic,DJ Tent,784,1869,3,85,53,26,03/15/2025 08:13:36 AM
Recursive Rhythms,Indie,VIP Lounge,374,1009,2,93,18,48,03/17/2025 06:09:24 AM
Epsilon Greedy,Indie,VIP Lounge,3016,8854,8,91,32,32,03/17/2025 05:28:17 PM
Hello World,Electronic,Main Stage,4481,9340,6,116,51,47,03/18/2025 07:02:02 PM
Syntax Error,Indie,DJ Tent,6222,3351,7,86,35,46,03/19/2025 06:12:29 PM
Segmentation Fault,Hip Hop,Indie Arena,4119,5830,8,80,36,18,03/20/2025 11:40:15 AM
Infinite Loop,Jazz,Main Stage,3791,1812,3,71,17,55,03/21/2025 12:54:41 PM
The Algorithmics,Electronic,VIP Lounge,9679,5046,2,92,57,42,03/22/2025 10:49:30 PM
The Data Wranglers,Hip Hop,VIP Lounge,8797,9630,8,104,42,36,03/24/2025 04:11:41 AM
Neural Nets,Indie,Indie Arena,3793,1837,5,114,41,21,03/24/2025 01:09:32 PM
Hello World,Indie,Indie Arena,7112,9567,3,37,53,21,03/25/2025 09:21:02 AM
Hello World,Indie,Main Stage,6032,5379,1,59,23,21,03/27/2025 01:48:41 AM
Cache Miss,Jazz,Main Stage,8657,3135,9,49,25,39,03/28/2025 04:47:56 AM
Parallel Processors,Jazz,Main Stage,9405,2876,3,39,53,15,03/29/2025 05:36:16 AM
Parallel Processors,Rock,VIP Lounge,6052,586,4,53,16,17,03/29/2025 07:04:52 PM
Random Forest,Rock,DJ Tent,3490,3771,3,41,54,17,03/30/2025 08:16:57 PM
Infinite Loop,Rock,Indie Arena,1993,6636,3,100,23,56,03/31/2025 09:34:46 AM
The Algorithmics,Rock,VIP Lounge,1885,7589,6,102,17,31,04/01/2025 01:47:31 PM
Cluster Funk,Jazz,Indie Arena,1522,7945,3,74,52,35,04/02/2025 02:59:38 PM
Hello World,Hip Hop,DJ Tent,8855,5403,4,50,33,43,04/03/2025 11:00:14 PM
Infinite Loop,Jazz,VIP Lounge,3207,8544,6,103,46,42,04/04/2025 04:45:24 PM
Parallel Processors,Hip Hop,DJ Tent,9732,4891,4,57,58,26,04/05/2025 08:47:03 AM
Hello World,Hip Hop,Indie Arena,4345,3635,1,30,46,38,04/06/2025 11:29:07 PM
Random Forest,Jazz,Main Stage,224,4148,1,38,42,15,04/07/2025 11:29:31 AM
Byte Beat,Electronic,VIP Lounge,4809,4659,2,53,23,51,04/08/2025 09:12:05 PM
Cluster Funk,Rock,Main Stage,6238,8228,9,39,40,50,04/09/2025 01:27:16 PM
The Algorithmics,Indie,VIP Lounge,5604,3639,4,33,26,34,04/10/2025 05:29:10 PM
Infinite Loop,Jazz,VIP Lounge,6357,8353,5,45,35,32,04/12/2025 04:43:28 AM
The Query Strings,Jazz,VIP Lounge,2254,4454,3,60,31,18,04/13/2025 01:25:45 AM
The Data Wranglers,Hip Hop,VIP Lounge,6250,2528,7,81,53,51,04/13/2025 11:05:36 PM
Recursive Rhythms,Hip Hop,VIP Lounge,623,6297,9,78,49,33,04/14/2025 08:52:36 PM
Parallel Processors,Indie,VIP Lounge,2891,6909,2,87,35,47,04/16/2025 06:47:42 AM
Cache Miss,Indie,Indie Arena,6926,2812,2,62,56,19,04/16/2025 02:19:19 PM
The Query Strings,Rock,DJ Tent,5333,8988,8,85,42,16,04/18/2025 04:52:19 AM
Neural Nets,Hip Hop,Main Stage,4329,1898,2,102,38,47,04/19/2025 06:03:00 AM
Cache Miss,Rock,DJ Tent,2150,3310,7,57,19,24,04/19/2025 08:37:20 PM
Neural Nets,Hip Hop,VIP Lounge,6575,1412,5,98,26,54,04/21/2025 04:14:37 AM
Random Forest,Rock,Main Stage,5334,6533,7,119,29,36,04/21/2025 10:31:59 PM
Cache Miss,Hip Hop,Main Stage,1346,9547,1,80,18,35,04/23/2025 12:26:04 AM
Syntax Error,Rock,DJ Tent,5101,8166,5,65,16,40,04/23/2025 11:19:13 AM
Cluster Funk,Jazz,DJ Tent,1515,9264,2,98,52,26,04/24/2025 08:04:29 PM
Neural Nets,Hip Hop,Main Stage,4777,9207,3,88,51,39,04/26/2025 04:19:18 AM
Recursive Rhythms,Electronic,DJ Tent,2414,5684,9,112,50,42,04/26/2025 10:10:18 PM
The Data Wranglers,Rock,VIP Lounge,9698,8253,6,117,18,26,04/27/2025 04:24:00 PM
The Data Wranglers,Electronic,Indie Arena,5961,586,6,100,15,27,04/28/2025 07:57:07 AM
The Query Strings,Rock,VIP Lounge,1606,1659,6,47,50,37,04/30/2025 03:16:34 AM
Random Forest,Rock,Indie Arena,7368,6285,8,83,24,57,05/01/2025 06:55:45 AM
Random Forest,Jazz,Indie Arena,3710,8715,7,103,15,36,05/01/2025 07:51:38 PM
The Data Wranglers,Rock,Indie Arena,625,4398,3,87,35,52,05/02/2025 09:07:54 AM
Bit Rate,Rock,Main Stage,5753,8216,9,100,17,39,05/03/2025 07:28:06 PM
Cluster Funk,Rock,Indie Arena,2680,144,6,54,43,55,05/04/2025 03:55:18 PM
Recursive Rhythms,Jazz,VIP Lounge,6659,8640,5,43,55,54,05/05/2025 07:11:21 PM
Epsilon Greedy,Rock,VIP Lounge,4421,7854,6,72,58,38,05/06/2025 03:27:29 PM
Parallel Processors,Jazz,Main Stage,8464,1336,6,54,44,39,05/07/2025 01:50:14 PM
Parallel Processors,Jazz,DJ Tent,9316,3609,8,101,44,16,05/09/2025 02:52:55 AM
Byte Beat,Rock,Main Stage,3708,7147,6,82,47,32,05/09/2025 01:02:48 PM
